Наименование груза;Ед. изм.;Год;Значение;Показатель
Уголь каменный;млн.тонн;2018;374,884713;Погрузка
Уголь каменный;млн.тонн;2019;371,999;Погрузка
Уголь каменный;млн.тонн;2020;353,254372;Погрузка
Уголь каменный;млн.тонн;2021;371,66039;Погрузка
Уголь каменный;млн.тонн;2022;354,400593;Погрузка
Уголь каменный;млн.тонн;2023;320,946658;Погрузка
Уголь каменный;млн.тонн;2024;336,6;Погрузка
Уголь каменный;млн.тонн;2025;354,7;Погрузка
Уголь каменный;млн.тонн;2026;381,6;Погрузка
Уголь каменный;млн.тонн;2027;391,6;Погрузка
Уголь каменный;млн.тонн;2028;394,1;Погрузка
Уголь каменный;млн.тонн;2029;407;Погрузка
Уголь каменный;млн.тонн;2030;420,2849;Погрузка
Уголь каменный;млн.тонн;2031;420,2849;Погрузка
Уголь каменный;млн.тонн;2032;462,94051;Погрузка
Уголь каменный;млн.тонн;2033;462,94051;Погрузка
Уголь каменный;млн.тонн;2034;462,94051;Погрузка
Уголь каменный;млн.тонн;2035;462,94051;Погрузка
Кокс каменноугольный;млн.тонн;2018;11,252218;Погрузка
Кокс каменноугольный;млн.тонн;2019;10,762;Погрузка
Кокс каменноугольный;млн.тонн;2020;11,192873;Погрузка
Кокс каменноугольный;млн.тонн;2021;12,034458;Погрузка
Кокс каменноугольный;млн.тонн;2022;10,144067;Погрузка
Кокс каменноугольный;млн.тонн;2023;10,193197;Погрузка
Кокс каменноугольный;млн.тонн;2024;10,8;Погрузка
Кокс каменноугольный;млн.тонн;2025;11;Погрузка
Кокс каменноугольный;млн.тонн;2026;12,127;Погрузка
Кокс каменноугольный;млн.тонн;2027;12,256;Погрузка
Кокс каменноугольный;млн.тонн;2028;12,387;Погрузка
Кокс каменноугольный;млн.тонн;2029;12,619;Погрузка
Кокс каменноугольный;млн.тонн;2030;12,754;Погрузка
Кокс каменноугольный;млн.тонн;2031;12,891;Погрузка
Кокс каменноугольный;млн.тонн;2032;13,03;Погрузка
Кокс каменноугольный;млн.тонн;2033;13,17;Погрузка
Кокс каменноугольный;млн.тонн;2034;13,312;Погрузка
Кокс каменноугольный;млн.тонн;2035;13,456;Погрузка
Нефть и нефтепродукты;млн.тонн;2018;236,447458;Погрузка
Нефть и нефтепродукты;млн.тонн;2019;232,008;Погрузка
Нефть и нефтепродукты;млн.тонн;2020;208,823201;Погрузка
Нефть и нефтепродукты;млн.тонн;2021;217,508634;Погрузка
Нефть и нефтепродукты;млн.тонн;2022;215,97843;Погрузка
Нефть и нефтепродукты;млн.тонн;2023;211,421591;Погрузка
Нефть и нефтепродукты;млн.тонн;2024;216,2;Погрузка
Нефть и нефтепродукты;млн.тонн;2025;222,1;Погрузка
Нефть и нефтепродукты;млн.тонн;2026;231,205;Погрузка
Нефть и нефтепродукты;млн.тонн;2027;234,044;Погрузка
Нефть и нефтепродукты;млн.тонн;2028;236,813;Погрузка
Нефть и нефтепродукты;млн.тонн;2029;239,707;Погрузка
Нефть и нефтепродукты;млн.тонн;2030;242,211;Погрузка
Нефть и нефтепродукты;млн.тонн;2031;244,57;Погрузка
Нефть и нефтепродукты;млн.тонн;2032;247,889;Погрузка
Нефть и нефтепродукты;млн.тонн;2033;250,295;Погрузка
Нефть и нефтепродукты;млн.тонн;2034;252,635;Погрузка
Нефть и нефтепродукты;млн.тонн;2035;254,906;Погрузка
Руды металлические;млн.тонн;2018;136,402934;Погрузка
Руды металлические;млн.тонн;2019;139,799;Погрузка
Руды металлические;млн.тонн;2020;139,641832;Погрузка
Руды металлические;млн.тонн;2021;139,651454;Погрузка
Руды металлические;млн.тонн;2022;133,170085;Погрузка
Руды металлические;млн.тонн;2023;133,976763;Погрузка
Руды металлические;млн.тонн;2024;136,3;Погрузка
Руды металлические;млн.тонн;2025;139;Погрузка
Руды металлические;млн.тонн;2026;150,105;Погрузка
Руды металлические;млн.тонн;2027;153,75;Погрузка
Руды металлические;млн.тонн;2028;157,384;Погрузка
Руды металлические;млн.тонн;2029;160,127;Погрузка
Руды металлические;млн.тонн;2030;162,171;Погрузка
Руды металлические;млн.тонн;2031;164,564;Погрузка
Руды металлические;млн.тонн;2032;168,741;Погрузка
Руды металлические;млн.тонн;2033;171,201;Погрузка
Руды металлические;млн.тонн;2034;173,342;Погрузка
Руды металлические;млн.тонн;2035;175,452;Погрузка
Черные металлы;млн.тонн;2018;78,11029;Погрузка
Черные металлы;млн.тонн;2019;73,763;Погрузка
Черные металлы;млн.тонн;2020;66,415626;Погрузка
Черные металлы;млн.тонн;2021;69,282991;Погрузка
Черные металлы;млн.тонн;2022;66,285625;Погрузка
Черные металлы;млн.тонн;2023;65,253142;Погрузка
Черные металлы;млн.тонн;2024;66,3;Погрузка
Черные металлы;млн.тонн;2025;67,9;Погрузка
Черные металлы;млн.тонн;2026;77,227;Погрузка
Черные металлы;млн.тонн;2027;78,996;Погрузка
Черные металлы;млн.тонн;2028;80,846;Погрузка
Черные металлы;млн.тонн;2029;83,711;Погрузка
Черные металлы;млн.тонн;2030;86,353;Погрузка
Черные металлы;млн.тонн;2031;88,126;Погрузка
Черные металлы;млн.тонн;2032;89,706;Погрузка
Черные металлы;млн.тонн;2033;90,458;Погрузка
Черные металлы;млн.тонн;2034;91,2;Погрузка
Черные металлы;млн.тонн;2035;91,93;Погрузка
Лесные грузы;млн.тонн;2018;45,693983;Погрузка
Лесные грузы;млн.тонн;2019;41,974;Погрузка
Лесные грузы;млн.тонн;2020;40,689457;Погрузка
Лесные грузы;млн.тонн;2021;41,776198;Погрузка
Лесные грузы;млн.тонн;2022;31,415288;Погрузка
Лесные грузы;млн.тонн;2023;35,573992;Погрузка
Лесные грузы;млн.тонн;2024;35,6;Погрузка
Лесные грузы;млн.тонн;2025;36,3;Погрузка
Лесные грузы;млн.тонн;2026;37,061;Погрузка
Лесные грузы;млн.тонн;2027;37,865;Погрузка
Лесные грузы;млн.тонн;2028;38,692;Погрузка
Лесные грузы;млн.тонн;2029;39,556;Погрузка
Лесные грузы;млн.тонн;2030;40,349;Погрузка
Лесные грузы;млн.тонн;2031;40,787;Погрузка
Лесные грузы;млн.тонн;2032;41,205;Погрузка
Лесные грузы;млн.тонн;2033;41,601;Погрузка
Лесные грузы;млн.тонн;2034;41,974;Погрузка
Лесные грузы;млн.тонн;2035;42,322;Погрузка
Минерально-строительные материалы;млн.тонн;2018;192,947689;Погрузка
Минерально-строительные материалы;млн.тонн;2019;193,574;Погрузка
Минерально-строительные материалы;млн.тонн;2020;197,648098;Погрузка
Минерально-строительные материалы;млн.тонн;2021;196,252819;Погрузка
Минерально-строительные материалы;млн.тонн;2022;197,303809;Погрузка
Минерально-строительные материалы;млн.тонн;2023;199,875855;Погрузка
Минерально-строительные материалы;млн.тонн;2024;201,5;Погрузка
Минерально-строительные материалы;млн.тонн;2025;207,8;Погрузка
Минерально-строительные материалы;млн.тонн;2026;218,256;Погрузка
Минерально-строительные материалы;млн.тонн;2027;224,577;Погрузка
Минерально-строительные материалы;млн.тонн;2028;230,749;Погрузка
Минерально-строительные материалы;млн.тонн;2029;236,858;Погрузка
Минерально-строительные материалы;млн.тонн;2030;242,89;Погрузка
Минерально-строительные материалы;млн.тонн;2031;248,844;Погрузка
Минерально-строительные материалы;млн.тонн;2032;254,606;Погрузка
Минерально-строительные материалы;млн.тонн;2033;260,262;Погрузка
Минерально-строительные материалы;млн.тонн;2034;265,799;Погрузка
Минерально-строительные материалы;млн.тонн;2035;271,203;Погрузка
Химические и минеральные удобрения;млн.тонн;2018;59,192526;Погрузка
Химические и минеральные удобрения;млн.тонн;2019;60,486;Погрузка
Химические и минеральные удобрения;млн.тонн;2020;62,73333;Погрузка
Химические и минеральные удобрения;млн.тонн;2021;64,987162;Погрузка
Химические и минеральные удобрения;млн.тонн;2022;60,504543;Погрузка
Химические и минеральные удобрения;млн.тонн;2023;61,432377;Погрузка
Химические и минеральные удобрения;млн.тонн;2024;63,87;Погрузка
Химические и минеральные удобрения;млн.тонн;2025;68,47;Погрузка
Химические и минеральные удобрения;млн.тонн;2026;76,065;Погрузка
Химические и минеральные удобрения;млн.тонн;2027;79,244;Погрузка
Химические и минеральные удобрения;млн.тонн;2028;81,794;Погрузка
Химические и минеральные удобрения;млн.тонн;2029;84,3;Погрузка
Химические и минеральные удобрения;млн.тонн;2030;86,438;Погрузка
Химические и минеральные удобрения;млн.тонн;2031;88,236;Погрузка
Химические и минеральные удобрения;млн.тонн;2032;89,665;Погрузка
Химические и минеральные удобрения;млн.тонн;2033;90,695;Погрузка
Химические и минеральные удобрения;млн.тонн;2034;91,715;Погрузка
Химические и минеральные удобрения;млн.тонн;2035;92,723;Погрузка
Зерно и продукты перемола;млн.тонн;2018;29,719353;Погрузка
Зерно и продукты перемола;млн.тонн;2019;24,118;Погрузка
Зерно и продукты перемола;млн.тонн;2020;30,251754;Погрузка
Зерно и продукты перемола;млн.тонн;2021;27,655439;Погрузка
Зерно и продукты перемола;млн.тонн;2022;26,825572;Погрузка
Зерно и продукты перемола;млн.тонн;2023;26,826889;Погрузка
Зерно и продукты перемола;млн.тонн;2024;28,34;Погрузка
Зерно и продукты перемола;млн.тонн;2025;29,7;Погрузка
Зерно и продукты перемола;млн.тонн;2026;31,56;Погрузка
Зерно и продукты перемола;млн.тонн;2027;33,546;Погрузка
Зерно и продукты перемола;млн.тонн;2028;35,963;Погрузка
Зерно и продукты перемола;млн.тонн;2029;39,349;Погрузка
Зерно и продукты перемола;млн.тонн;2030;43,126;Погрузка
Зерно и продукты перемола;млн.тонн;2031;45,302;Погрузка
Зерно и продукты перемола;млн.тонн;2032;47,118;Погрузка
Зерно и продукты перемола;млн.тонн;2033;48,133;Погрузка
Зерно и продукты перемола;млн.тонн;2034;49,036;Погрузка
Зерно и продукты перемола;млн.тонн;2035;49,767;Погрузка
Прочие;млн.тонн;2018;124,951699;Погрузка
Прочие;млн.тонн;2019;129,639;Погрузка
Прочие;млн.тонн;2020;132,899948;Погрузка
Прочие;млн.тонн;2021;141,978464;Погрузка
Прочие;млн.тонн;2022;138,261163;Погрузка
Прочие;млн.тонн;2023;138,120073;Погрузка
Прочие;млн.тонн;2024;141,05;Погрузка
Прочие;млн.тонн;2025;144;Погрузка
Прочие;млн.тонн;2026;150,677;Погрузка
Прочие;млн.тонн;2027;153,423;Погрузка
Прочие;млн.тонн;2028;156,307;Погрузка
Прочие;млн.тонн;2029;159,929;Погрузка
Прочие;млн.тонн;2030;163,933;Погрузка
Прочие;млн.тонн;2031;168,04;Погрузка
Прочие;млн.тонн;2032;173,859;Погрузка
Прочие;млн.тонн;2033;177,868;Погрузка
Прочие;млн.тонн;2034;181,971;Погрузка
Прочие;млн.тонн;2035;186,173;Погрузка
Уголь каменный;млрд.ткм;2018;1140,4977;Грузооборот
Уголь каменный;млрд.ткм;2019;1149,8465;Грузооборот
Уголь каменный;млрд.ткм;2020;1094,625013;Грузооборот
Уголь каменный;млрд.ткм;2021;1137,050191;Грузооборот
Уголь каменный;млрд.ткм;2022;1070,190372;Грузооборот
Уголь каменный;млрд.ткм;2023;957,923866;Грузооборот
Уголь каменный;млрд.ткм;2024;1037,227448;Грузооборот
Уголь каменный;млрд.ткм;2025;1120,306148;Грузооборот
Уголь каменный;млрд.ткм;2026;1230,862872;Грузооборот
Уголь каменный;млрд.ткм;2027;1275,671381;Грузооборот
Уголь каменный;млрд.ткм;2028;1295,129893;Грузооборот
Уголь каменный;млрд.ткм;2029;1354,55085;Грузооборот
Уголь каменный;млрд.ткм;2030;1416,586951;Грузооборот
Уголь каменный;млрд.ткм;2031;1426,06517;Грузооборот
Уголь каменный;млрд.ткм;2032;1623,505598;Грузооборот
Уголь каменный;млрд.ткм;2033;1624,320731;Грузооборот
Уголь каменный;млрд.ткм;2034;1625,135867;Грузооборот
Уголь каменный;млрд.ткм;2035;1625,951008;Грузооборот
Кокс каменноугольный;млрд.ткм;2018;28,5755;Грузооборот
Кокс каменноугольный;млрд.ткм;2019;25,8846;Грузооборот
Кокс каменноугольный;млрд.ткм;2020;26,95234898;Грузооборот
Кокс каменноугольный;млрд.ткм;2021;28,45506378;Грузооборот
Кокс каменноугольный;млрд.ткм;2022;25,688977;Грузооборот
Кокс каменноугольный;млрд.ткм;2023;25,26354;Грузооборот
Кокс каменноугольный;млрд.ткм;2024;26,60168;Грузооборот
Кокс каменноугольный;млрд.ткм;2025;26,92708;Грузооборот
Кокс каменноугольный;млрд.ткм;2026;29,584272;Грузооборот
Кокс каменноугольный;млрд.ткм;2027;29,944504;Грузооборот
Кокс каменноугольный;млрд.ткм;2028;30,310224;Грузооборот
Кокс каменноугольный;млрд.ткм;2029;31,422288;Грузооборот
Кокс каменноугольный;млрд.ткм;2030;31,79794;Грузооборот
Кокс каменноугольный;млрд.ткм;2031;32,17908;Грузооборот
Кокс каменноугольный;млрд.ткм;2032;32,565708;Грузооборот
Кокс каменноугольный;млрд.ткм;2033;32,95508;Грузооборот
Кокс каменноугольный;млрд.ткм;2034;33,34994;Грузооборот
Кокс каменноугольный;млрд.ткм;2035;33,750288;Грузооборот
Нефть и нефтепродукты;млрд.ткм;2018;397,1402;Грузооборот
Нефть и нефтепродукты;млрд.ткм;2019;387,8217;Грузооборот
Нефть и нефтепродукты;млрд.ткм;2020;349,1522369;Грузооборот
Нефть и нефтепродукты;млрд.ткм;2021;350,8117827;Грузооборот
Нефть и нефтепродукты;млрд.ткм;2022;369,459409;Грузооборот
Нефть и нефтепродукты;млрд.ткм;2023;359,005657;Грузооборот
Нефть и нефтепродукты;млрд.ткм;2024;369,605245;Грузооборот
Нефть и нефтепродукты;млрд.ткм;2025;380,851209;Грузооборот
Нефть и нефтепродукты;млрд.ткм;2026;397,640498;Грузооборот
Нефть и нефтепродукты;млрд.ткм;2027;404,104115;Грузооборот
Нефть и нефтепродукты;млрд.ткм;2028;409,29717;Грузооборот
Нефть и нефтепродукты;млрд.ткм;2029;414,880412;Грузооборот
Нефть и нефтепродукты;млрд.ткм;2030;419,788794;Грузооборот
Нефть и нефтепродукты;млрд.ткм;2031;424,458462;Грузооборот
Нефть и нефтепродукты;млрд.ткм;2032;431,553268;Грузооборот
Нефть и нефтепродукты;млрд.ткм;2033;436,677061;Грузооборот
Нефть и нефтепродукты;млрд.ткм;2034;441,691894;Грузооборот
Нефть и нефтепродукты;млрд.ткм;2035;446,592813;Грузооборот
Руды металлические;млрд.ткм;2018;158,4165;Грузооборот
Руды металлические;млрд.ткм;2019;166,1873;Грузооборот
Руды металлические;млрд.ткм;2020;164,8950707;Грузооборот
Руды металлические;млрд.ткм;2021;158,9414112;Грузооборот
Руды металлические;млрд.ткм;2022;166,4652;Грузооборот
Руды металлические;млрд.ткм;2023;164,247626;Грузооборот
Руды металлические;млрд.ткм;2024;165,809551;Грузооборот
Руды металлические;млрд.ткм;2025;169,365829;Грузооборот
Руды металлические;млрд.ткм;2026;194,960163;Грузооборот
Руды металлические;млрд.ткм;2027;198,032596;Грузооборот
Руды металлические;млрд.ткм;2028;201,076834;Грузооборот
Руды металлические;млрд.ткм;2029;202,993493;Грузооборот
Руды металлические;млрд.ткм;2030;203,819575;Грузооборот
Руды металлические;млрд.ткм;2031;205,78045;Грузооборот
Руды металлические;млрд.ткм;2032;212,568958;Грузооборот
Руды металлические;млрд.ткм;2033;214,734362;Грузооборот
Руды металлические;млрд.ткм;2034;216,054967;Грузооборот
Руды металлические;млрд.ткм;2035;219,52613;Грузооборот
Черные металлы;млрд.ткм;2018;153,6356;Грузооборот
Черные металлы;млрд.ткм;2019;151,0647;Грузооборот
Черные металлы;млрд.ткм;2020;154,6576514;Грузооборот
Черные металлы;млрд.ткм;2021;156,4457269;Грузооборот
Черные металлы;млрд.ткм;2022;156,881152;Грузооборот
Черные металлы;млрд.ткм;2023;180,090984;Грузооборот
Черные металлы;млрд.ткм;2024;186,956723;Грузооборот
Черные металлы;млрд.ткм;2025;193,751536;Грузооборот
Черные металлы;млрд.ткм;2026;193,832819;Грузооборот
Черные металлы;млрд.ткм;2027;197,384216;Грузооборот
Черные металлы;млрд.ткм;2028;201,079465;Грузооборот
Черные металлы;млрд.ткм;2029;211,849463;Грузооборот
Черные металлы;млрд.ткм;2030;221,739716;Грузооборот
Черные металлы;млрд.ткм;2031;227,767301;Грузооборот
Черные металлы;млрд.ткм;2032;234,292806;Грузооборот
Черные металлы;млрд.ткм;2033;236,442256;Грузооборот
Черные металлы;млрд.ткм;2034;238,577675;Грузооборот
Черные металлы;млрд.ткм;2035;240,696348;Грузооборот
Лесные грузы;млрд.ткм;2018;83,3421;Грузооборот
Лесные грузы;млрд.ткм;2019;75,6768;Грузооборот
Лесные грузы;млрд.ткм;2020;75,10295051;Грузооборот
Лесные грузы;млрд.ткм;2021;79,7379826;Грузооборот
Лесные грузы;млрд.ткм;2022;72,849806;Грузооборот
Лесные грузы;млрд.ткм;2023;71,736596;Грузооборот
Лесные грузы;млрд.ткм;2024;72,426288;Грузооборот
Лесные грузы;млрд.ткм;2025;74,287176;Грузооборот
Лесные грузы;млрд.ткм;2026;83,000951;Грузооборот
Лесные грузы;млрд.ткм;2027;85,860808;Грузооборот
Лесные грузы;млрд.ткм;2028;88,466287;Грузооборот
Лесные грузы;млрд.ткм;2029;91,157461;Грузооборот
Лесные грузы;млрд.ткм;2030;93,371509;Грузооборот
Лесные грузы;млрд.ткм;2031;94,25192;Грузооборот
Лесные грузы;млрд.ткм;2032;95,254284;Грузооборот
Лесные грузы;млрд.ткм;2033;96,100821;Грузооборот
Лесные грузы;млрд.ткм;2034;96,927917;Грузооборот
Лесные грузы;млрд.ткм;2035;97,72847;Грузооборот
Минерально-строительные материалы;млрд.ткм;2018;201,4328;Грузооборот
Минерально-строительные материалы;млрд.ткм;2019;206,8639;Грузооборот
Минерально-строительные материалы;млрд.ткм;2020;210,6733705;Грузооборот
Минерально-строительные материалы;млрд.ткм;2021;213,3530679;Грузооборот
Минерально-строительные материалы;млрд.ткм;2022;237,080894;Грузооборот
Минерально-строительные материалы;млрд.ткм;2023;236,897083;Грузооборот
Минерально-строительные материалы;млрд.ткм;2024;238,504234;Грузооборот
Минерально-строительные материалы;млрд.ткм;2025;243,037224;Грузооборот
Минерально-строительные материалы;млрд.ткм;2026;254,590016;Грузооборот
Минерально-строительные материалы;млрд.ткм;2027;261,896781;Грузооборот
Минерально-строительные материалы;млрд.ткм;2028;268,997575;Грузооборот
Минерально-строительные материалы;млрд.ткм;2029;276,06811;Грузооборот
Минерально-строительные материалы;млрд.ткм;2030;283,093121;Грузооборот
Минерально-строительные материалы;млрд.ткм;2031;289,811944;Грузооборот
Минерально-строительные материалы;млрд.ткм;2032;296,387471;Грузооборот
Минерально-строительные материалы;млрд.ткм;2033;302,880076;Грузооборот
Минерально-строительные материалы;млрд.ткм;2034;309,276031;Грузооборот
Минерально-строительные материалы;млрд.ткм;2035;315,560496;Грузооборот
Химические и минеральные удобрения;млрд.ткм;2018;98,1146;Грузооборот
Химические и минеральные удобрения;млрд.ткм;2019;99,2804;Грузооборот
Химические и минеральные удобрения;млрд.ткм;2020;108,9957414;Грузооборот
Химические и минеральные удобрения;млрд.ткм;2021;112,1977841;Грузооборот
Химические и минеральные удобрения;млрд.ткм;2022;113,334671;Грузооборот
Химические и минеральные удобрения;млрд.ткм;2023;119,79346;Грузооборот
Химические и минеральные удобрения;млрд.ткм;2024;126,275577;Грузооборот
Химические и минеральные удобрения;млрд.ткм;2025;136,981652;Грузооборот
Химические и минеральные удобрения;млрд.ткм;2026;150,589849;Грузооборот
Химические и минеральные удобрения;млрд.ткм;2027;156,829118;Грузооборот
Химические и минеральные удобрения;млрд.ткм;2028;160,786274;Грузооборот
Химические и минеральные удобрения;млрд.ткм;2029;165,942402;Грузооборот
Химические и минеральные удобрения;млрд.ткм;2030;169,692733;Грузооборот
Химические и минеральные удобрения;млрд.ткм;2031;173,006481;Грузооборот
Химические и минеральные удобрения;млрд.ткм;2032;176,814748;Грузооборот
Химические и минеральные удобрения;млрд.ткм;2033;179,156196;Грузооборот
Химические и минеральные удобрения;млрд.ткм;2034;181,476741;Грузооборот
Химические и минеральные удобрения;млрд.ткм;2035;183,772968;Грузооборот
Зерно и продукты перемола;млрд.ткм;2018;53,3937;Грузооборот
Зерно и продукты перемола;млрд.ткм;2019;47,7136;Грузооборот
Зерно и продукты перемола;млрд.ткм;2020;51,43730392;Грузооборот
Зерно и продукты перемола;млрд.ткм;2021;49,71463034;Грузооборот
Зерно и продукты перемола;млрд.ткм;2022;47,815209;Грузооборот
Зерно и продукты перемола;млрд.ткм;2023;50,574757;Грузооборот
Зерно и продукты перемола;млрд.ткм;2024;53,612051;Грузооборот
Зерно и продукты перемола;млрд.ткм;2025;55,817789;Грузооборот
Зерно и продукты перемола;млрд.ткм;2026;59,04113;Грузооборот
Зерно и продукты перемола;млрд.ткм;2027;61,903277;Грузооборот
Зерно и продукты перемола;млрд.ткм;2028;65,217197;Грузооборот
Зерно и продукты перемола;млрд.ткм;2029;70,146421;Грузооборот
Зерно и продукты перемола;млрд.ткм;2030;75,509261;Грузооборот
Зерно и продукты перемола;млрд.ткм;2031;79,01373;Грузооборот
Зерно и продукты перемола;млрд.ткм;2032;82,33582;Грузооборот
Зерно и продукты перемола;млрд.ткм;2033;84,1453;Грузооборот
Зерно и продукты перемола;млрд.ткм;2034;85,82142;Грузооборот
Зерно и продукты перемола;млрд.ткм;2035;87,176498;Грузооборот
Прочие;млрд.ткм;2018;282,331;Грузооборот
Прочие;млрд.ткм;2019;291,583;Грузооборот
Прочие;млрд.ткм;2020;308,3330184;Грузооборот
Прочие;млрд.ткм;2021;351,8516081;Грузооборот
Прочие;млрд.ткм;2022;376,789749;Грузооборот
Прочие;млрд.ткм;2023;362,732175;Грузооборот
Прочие;млрд.ткм;2024;374,421103;Грузооборот
Прочие;млрд.ткм;2025;382,524346;Грузооборот
Прочие;млрд.ткм;2026;438,036435;Грузооборот
Прочие;млрд.ткм;2027;446,086822;Грузооборот
Прочие;млрд.ткм;2028;457,226987;Грузооборот
Прочие;млрд.ткм;2029;471,007736;Грузооборот
Прочие;млрд.ткм;2030;488,460773;Грузооборот
Прочие;млрд.ткм;2031;507,251593;Грузооборот
Прочие;млрд.ткм;2032;537,198533;Грузооборот
Прочие;млрд.ткм;2033;558,42465;Грузооборот
Прочие;млрд.ткм;2034;582,202436;Грузооборот
Прочие;млрд.ткм;2035;604,404089;Грузооборот
Грузы на своих осях;млрд.ткм;2018;707,9595;Грузооборот
Грузы на своих осях;млрд.ткм;2019;703,038;Грузооборот
Грузы на своих осях;млрд.ткм;2020;676,1637095;Грузооборот
Грузы на своих осях;млрд.ткм;2021;681,7842583;Грузооборот
Грузы на своих осях;млрд.ткм;2022;664,3885212;Грузооборот
Грузы на своих осях;млрд.ткм;2023;615,4517357;Грузооборот
Грузы на своих осях;млрд.ткм;2024;642,4615546;Грузооборот
Грузы на своих осях;млрд.ткм;2025;671,3806854;Грузооборот
Грузы на своих осях;млрд.ткм;2026;713,1389892;Грузооборот
Грузы на своих осях;млрд.ткм;2027;731,9934703;Грузооборот
Грузы на своих осях;млрд.ткм;2028;741,2821833;Грузооборот
Грузы на своих осях;млрд.ткм;2029;761,1460761;Грузооборот
Грузы на своих осях;млрд.ткм;2030;780,2314886;Грузооборот
Грузы на своих осях;млрд.ткм;2031;788,7952496;Грузооборот
Грузы на своих осях;млрд.ткм;2032;824,450708;Грузооборот
Грузы на своих осях;млрд.ткм;2033;828,981722;Грузооборот
Грузы на своих осях;млрд.ткм;2034;833,3892482;Грузооборот
Грузы на своих осях;млрд.ткм;2035;838,1157436;Грузооборот
Уголь каменный;км;2018;2809,577458;Средняя дальность
Уголь каменный;км;2019;2847,627857;Средняя дальность
Уголь каменный;км;2020;2843,808576;Средняя дальность
Уголь каменный;км;2021;2825,324477;Средняя дальность
Уголь каменный;км;2022;2764,677189;Средняя дальность
Уголь каменный;км;2023;2705,124855;Средняя дальность
Уголь каменный;км;2024;2807,323554;Средняя дальность
Уголь каменный;км;2025;2889,829928;Средняя дальность
Уголь каменный;км;2026;2970,910012;Средняя дальность
Уголь каменный;км;2027;3005,780741;Средняя дальность
Уголь каменный;км;2028;3033,041363;Средняя дальность
Уголь каменный;км;2029;3078,468687;Средняя дальность
Уголь каменный;км;2030;3124,406728;Средняя дальность
Уголь каменный;км;2031;3144,611262;Средняя дальность
Уголь каменный;км;2032;3271,537851;Средняя дальность
Уголь каменный;км;2033;3272,514389;Средняя дальность
Уголь каменный;км;2034;3273,490538;Средняя дальность
Уголь каменный;км;2035;3274,466297;Средняя дальность
Кокс каменноугольный;км;2018;2527,559424;Средняя дальность
Кокс каменноугольный;км;2019;2371,253206;Средняя дальность
Кокс каменноугольный;км;2020;2388,925445;Средняя дальность
Кокс каменноугольный;км;2021;2348,492745;Средняя дальность
Кокс каменноугольный;км;2022;2502,398219;Средняя дальность
Кокс каменноугольный;км;2023;2454,072006;Средняя дальность
Кокс каменноугольный;км;2024;2440,20768;Средняя дальность
Кокс каменноугольный;км;2025;2425,557137;Средняя дальность
Кокс каменноугольный;км;2026;2415,949826;Средняя дальность
Кокс каменноугольный;км;2027;2419,48418;Средняя дальность
Кокс каменноугольный;км;2028;2422,995827;Средняя дальность
Кокс каменноугольный;км;2029;2465,769575;Средняя дальность
Кокс каменноугольный;км;2030;2468,707494;Средняя дальность
Кокс каменноугольный;км;2031;2471,625421;Средняя дальность
Кокс каменноугольный;км;2032;2474,522659;Средняя дальность
Кокс каменноугольный;км;2033;2477,378518;Средняя дальность
Кокс каменноугольный;км;2034;2480,213291;Средняя дальность
Кокс каменноугольный;км;2035;2483,026397;Средняя дальность
Нефть и нефтепродукты;км;2018;1617,249348;Средняя дальность
Нефть и нефтепродукты;км;2019;1602,913436;Средняя дальность
Нефть и нефтепродукты;км;2020;1603,837493;Средняя дальность
Нефть и нефтепродукты;км;2021;1545,895096;Средняя дальность
Нефть и нефтепродукты;км;2022;1615,2864;Средняя дальность
Нефть и нефтепродукты;км;2023;1622,381231;Средняя дальность
Нефть и нефтепродукты;км;2024;1632,006123;Средняя дальность
Нефть и нефтепродукты;км;2025;1633,736637;Средняя дальность
Нефть и нефтепродукты;км;2026;1640,994342;Средняя дальность
Нефть и нефтепродукты;км;2027;1638,610455;Средняя дальность
Нефть и нефтепродукты;км;2028;1636,265826;Средняя дальность
Нефть и нефтепродукты;км;2029;1635,363409;Средняя дальность
Нефть и нефтепродукты;км;2030;1634,340256;Средняя дальность
Нефть и нефтепродукты;км;2031;1633,334764;Средняя дальность
Нефть и нефтепродукты;км;2032;1635,604507;Средняя дальность
Нефть и нефтепродукты;км;2033;1636,024636;Средняя дальность
Нефть и нефтепродукты;км;2034;1636,431681;Средняя дальность
Нефть и нефтепродукты;км;2035;1636,826224;Средняя дальность
Руды металлические;км;2018;1035,425945;Средняя дальность
Руды металлические;км;2019;1056,116347;Средняя дальность
Руды металлические;км;2020;1054,985267;Средняя дальность
Руды металлические;км;2021;1009,426971;Средняя дальность
Руды металлические;км;2022;1147,867814;Средняя дальность
Руды металлические;км;2023;1121,560192;Средняя дальность
Руды металлические;км;2024;1120,229595;Средняя дальность
Руды металлические;км;2025;1122,565458;Средняя дальность
Руды металлические;км;2026;1206,743567;Средняя дальность
Руды металлические;км;2027;1200,896986;Средняя дальность
Руды металлические;км;2028;1195,193439;Средняя дальность
Руды металлические;км;2029;1190,361944;Средняя дальность
Руды металлические;км;2030;1184,137653;Средняя дальность
Руды металлические;км;2031;1182,184939;Средняя дальность
Руды металлические;км;2032;1195,585241;Средняя дальность
Руды металлические;км;2033;1194,263125;Средняя дальность
Руды металлические;км;2034;1190,412384;Средняя дальность
Руды металлические;км;2035;1198,575257;Средняя дальность
Черные металлы;км;2018;1617,11144;Средняя дальность
Черные металлы;км;2019;1632,761211;Средняя дальность
Черные металлы;км;2020;1792,386412;Средняя дальность
Черные металлы;км;2021;1756,792176;Средняя дальность
Черные металлы;км;2022;1846,749086;Средняя дальность
Черные металлы;км;2023;2121,731766;Средняя дальность
Черные металлы;км;2024;2172,374512;Средняя дальность
Черные металлы;км;2025;2199,894589;Средняя дальность
Черные металлы;км;2026;1994,324858;Средняя дальность
Черные металлы;км;2027;1991,099012;Средняя дальность
Черные металлы;км;2028;1987,827295;Средняя дальность
Черные металлы;км;2029;2033,250597;Средняя дальность
Черные металлы;км;2030;2072,205978;Средняя дальность
Черные металлы;км;2031;2090,534621;Средняя дальность
Черные металлы;км;2032;2116,584719;Средняя дальность
Черные металлы;км;2033;2118,506352;Средняя дальность
Черные металлы;км;2034;2120,464262;Средняя дальность
Черные металлы;км;2035;2122,466014;Средняя дальность
Лесные грузы;км;2018;1602,769525;Средняя дальность
Лесные грузы;км;2019;1519,828088;Средняя дальность
Лесные грузы;км;2020;1526,673754;Средняя дальность
Лесные грузы;км;2021;1571,494865;Средняя дальность
Лесные грузы;км;2022;1786,51135;Средняя дальность
Лесные грузы;км;2023;1653,332774;Средняя дальность
Лесные грузы;км;2024;1657,689956;Средняя дальность
Лесные грузы;км;2025;1661,27006;Средняя дальность
Лесные грузы;км;2026;1750,927137;Средняя дальность
Лесные грузы;км;2027;1765,448195;Средняя дальность
Лесные грузы;км;2028;1778,68159;Средняя дальность
Лесные грузы;км;2029;1795,251024;Средняя дальность
Лесные грузы;км;2030;1806,16507;Средняя дальность
Лесные грузы;км;2031;1803,519326;Средняя дальность
Лесные грузы;км;2032;1803,921745;Средняя дальность
Лесные грузы;км;2033;1802,138192;Средняя дальность
Лесные грузы;км;2034;1800,797324;Средняя дальность
Лесные грузы;км;2035;1799,820807;Средняя дальность
Минерально-строительные материалы;км;2018;865,8040662;Средняя дальность
Минерально-строительные материалы;км;2019;890,1085614;Средняя дальность
Минерально-строительные материалы;км;2020;896,4158257;Средняя дальность
Минерально-строительные материалы;км;2021;926,711017;Средняя дальность
Минерально-строительные материалы;км;2022;1030,25419;Средняя дальность
Минерально-строительные материалы;км;2023;1017,631697;Средняя дальность
Минерально-строительные материалы;км;2024;1015,898567;Средняя дальность
Минерально-строительные материалы;км;2025;1007,651687;Средняя дальность
Минерально-строительные материалы;км;2026;1009,886305;Средняя дальность
Минерально-строительные материалы;км;2027;1012,988695;Средняя дальность
Минерально-строительные материалы;км;2028;1015,734109;Средняя дальность
Минерально-строительные материалы;км;2029;1018,477144;Средняя дальность
Минерально-строительные материалы;км;2030;1021,216351;Средняя дальность
Минерально-строительные материалы;км;2031;1023,037675;Средняя дальность
Минерально-строительные материалы;км;2032;1024,967415;Средняя дальность
Минерально-строительные материалы;км;2033;1026,908102;Средняя дальность
Минерально-строительные материалы;км;2034;1028,859982;Средняя дальность
Минерально-строительные материалы;км;2035;1030,823371;Средняя дальность
Химические и минеральные удобрения;км;2018;1597,621842;Средняя дальность
Химические и минеральные удобрения;км;2019;1580,596064;Средняя дальность
Химические и минеральные удобрения;км;2020;1677,636964;Средняя дальность
Химические и минеральные удобрения;км;2021;1653,504039;Средняя дальность
Химические и минеральные удобрения;км;2022;1684,086418;Средняя дальность
Химические и минеральные удобрения;км;2023;1769,11502;Средняя дальность
Химические и минеральные удобрения;км;2024;1775,743087;Средняя дальность
Химические и минеральные удобрения;км;2025;1760,657931;Средняя дальность
Химические и минеральные удобрения;км;2026;1724,645639;Средняя дальность
Химические и минеральные удобрения;км;2027;1702,898503;Средняя дальность
Химические и минеральные удобрения;км;2028;1697,035142;Средняя дальность
Химические и минеральные удобрения;км;2029;1704,571292;Средняя дальность
Химические и минеральные удобрения;км;2030;1703,923636;Средняя дальность
Химические и минеральные удобрения;км;2031;1704,708963;Средняя дальность
Химические и минеральные удобрения;км;2032;1716,374753;Средняя дальность
Химические и минеральные удобрения;км;2033;1720,234162;Средняя дальность
Химические и минеральные удобрения;км;2034;1723,975942;Средняя дальность
Химические и минеральные удобрения;км;2035;1727,605208;Средняя дальность
Зерно и продукты перемола;км;2018;1680,22322;Средняя дальность
Зерно и продукты перемола;км;2019;1816,207986;Средняя дальность
Зерно и продукты перемола;км;2020;1640,063518;Средняя дальность
Зерно и продукты перемола;км;2021;1681,939176;Средняя дальность
Зерно и продукты перемола;км;2022;1668,019868;Средняя дальность
Зерно и продукты перемола;км;2023;1754,304241;Средняя дальность
Зерно и продукты перемола;км;2024;1760,829062;Средняя дальность
Зерно и продукты перемола;км;2025;1751,035409;Средняя дальность
Зерно и продукты перемола;км;2026;1746,401783;Средняя дальность
Зерно и продукты перемола;км;2027;1726,571261;Средняя дальность
Зерно и продукты перемола;км;2028;1701,896811;Средняя дальность
Зерно и продукты перемола;км;2029;1680,302709;Средняя дальность
Зерно и продукты перемола;км;2030;1657,238625;Средняя дальность
Зерно и продукты перемола;км;2031;1653,723061;Средняя дальность
Зерно и продукты перемола;км;2032;1658,8158;Средняя дальность
Зерно и продукты перемола;км;2033;1659,988193;Средняя дальность
Зерно и продукты перемола;км;2034;1662,133141;Средняя дальность
Зерно и продукты перемола;км;2035;1663,537129;Средняя дальность
Прочие;км;2018;2245,390728;Средняя дальность
Прочие;км;2019;2289,727039;Средняя дальность
Прочие;км;2020;2389,082756;Средняя дальность
Прочие;км;2021;2547,549378;Средняя дальность
Прочие;км;2022;2845,650289;Средняя дальность
Прочие;км;2023;2728,987243;Средняя дальность
Прочие;км;2024;2748,268643;Средняя дальность
Прочие;км;2025;2760,570506;Средняя дальность
Прочие;км;2026;2952,907974;Средняя дальность
Прочие;км;2027;2976,740046;Средняя дальность
Прочие;км;2028;3000,722489;Средняя дальность
Прочие;км;2029;3026,359318;Средняя дальность
Прочие;км;2030;3061,876009;Средняя дальность
Прочие;км;2031;3100,034975;Средняя дальность
Прочие;км;2032;3168,611858;Средняя дальность
Прочие;км;2033;3212,342636;Средняя дальность
Прочие;км;2034;3264,727439;Средняя дальность
Прочие;км;2035;3302,323292;Средняя дальность
