row_index;Груз;Год;Вид сообщения;Направление;Погрузка, млн. т;Погрузка базовая, млн. т;Грузооборот, млрд. ткм;Грузооборот базовый, млрд. ткм;Средняя дальность;Грузооборот 2019;Индекс грузооборота
0;Уголь каменный;2019;внутрироссийское;в целом;163,7;163,7;179,1;179,1;1088;179,1;1
1;Кокс каменноугольный;2019;внутрироссийское;в целом;7,1;7,1;18,5;18,5;2596;18,5;1
2;Нефть и нефтепродукты;2019;внутрироссийское;в целом;133,9;133,9;211,1;211,1;1524;211,1;1
3;Руды металлические;2019;внутрироссийское;в целом;116,5;116,5;115,9;115,9;991;115,9;1
4;Черные металлы;2019;внутрироссийское;в целом;44,8;44,8;65,9;65,9;1170;65,9;1
5;Лесные грузы;2019;внутрироссийское;в целом;19,3;19,3;17,0;17,0;856;17,0;1
6;Минерально-строительные материалы;2019;внутрироссийское;в целом;189,3;189,3;186,9;186,9;883;186,9;1
7;Химические и минеральные удобрения;2019;внутрироссийское;в целом;24,8;24,8;45,8;45,8;1829;45,8;1
8;Зерно и продукты перемола;2019;внутрироссийское;в целом;11,7;11,7;27,3;27,3;2273;27,3;1
9;Прочие;2019;внутрироссийское;в целом;88,6;88,6;149,5;149,5;2059;149,5;1
10;Уголь каменный;2020;внутрироссийское;в целом;153,6;153,6;157,8;157,8;1021;179,1;0,88089425
11;Кокс каменноугольный;2020;внутрироссийское;в целом;7,4;7,4;20,4;20,4;2746;18,5;1,104408489
12;Нефть и нефтепродукты;2020;внутрироссийское;в целом;117,8;117,8;185,0;185,0;1516;211,1;0,876353292
13;Руды металлические;2020;внутрироссийское;в целом;110,8;110,8;109,6;109,6;984;115,9;0,945582561
14;Черные металлы;2020;внутрироссийское;в целом;38,0;38,0;62,6;62,6;1242;65,9;0,951023407
15;Лесные грузы;2020;внутрироссийское;в целом;20,7;20,7;18,1;18,1;858;17,0;1,067165018
16;Минерально-строительные материалы;2020;внутрироссийское;в целом;192,9;192,9;192,7;192,7;892;186,9;1,031270504
17;Химические и минеральные удобрения;2020;внутрироссийское;в целом;26,4;26,4;48,8;48,8;1828;45,8;1,064756146
18;Зерно и продукты перемола;2020;внутрироссийское;в целом;13,1;13,1;25,4;25,4;1918;27,3;0,931570599
19;Прочие;2020;внутрироссийское;в целом;88,9;88,9;147,8;147,8;2064;149,5;0,988143848
20;Уголь каменный;2021;внутрироссийское;в целом;156,6;156,6;167,5;167,5;1067;179,1;0,935368636
21;Кокс каменноугольный;2021;внутрироссийское;в целом;7,9;7,9;21,4;21,4;2715;18,5;1,157490587
22;Нефть и нефтепродукты;2021;внутрироссийское;в целом;126,1;126,1;197,6;197,6;1532;211,1;0,936115165
23;Руды металлические;2021;внутрироссийское;в целом;112,1;112,1;107,3;107,3;954;115,9;0,925165043
24;Черные металлы;2021;внутрироссийское;в целом;39,6;39,6;63,1;63,1;1243;65,9;0,957717063
25;Лесные грузы;2021;внутрироссийское;в целом;22,4;22,4;19,3;19,3;848;17,0;1,140488286
26;Минерально-строительные материалы;2021;внутрироссийское;в целом;191,4;191,4;192,2;192,2;913;186,9;1,028832118
27;Химические и минеральные удобрения;2021;внутрироссийское;в целом;26,3;26,3;49,5;49,5;1867;45,8;1,079000425
28;Зерно и продукты перемола;2021;внутрироссийское;в целом;13,0;13,0;27,3;27,3;2066;27,3;0,998836083
29;Прочие;2021;внутрироссийское;в целом;97,3;97,3;161,6;161,6;2116;149,5;1,080936618
30;Уголь каменный;2022;внутрироссийское;в целом;157,3;157,3;175,5;175,5;1111;179,1;0,980012243
31;Кокс каменноугольный;2022;внутрироссийское;в целом;7,4;7,4;20,1;20,1;2695;18,5;1,087930738
32;Нефть и нефтепродукты;2022;внутрироссийское;в целом;129,0;129,0;213,2;213,2;1612;211,1;1,009970995
33;Руды металлические;2022;внутрироссийское;в целом;114,8;114,8;117,1;117,1;1015;115,9;1,009993996
34;Черные металлы;2022;внутрироссийское;в целом;42,4;42,4;74,9;74,9;1398;65,9;1,13767361
35;Лесные грузы;2022;внутрироссийское;в целом;21,5;21,5;19,7;19,7;891;17,0;1,163021225
36;Минерально-строительные материалы;2022;внутрироссийское;в целом;193,0;193,0;215,4;215,4;1018;186,9;1,152907281
37;Химические и минеральные удобрения;2022;внутрироссийское;в целом;30,8;30,8;56,8;56,8;1813;45,8;1,240128206
38;Зерно и продукты перемола;2022;внутрироссийское;в целом;12,1;12,1;27,5;27,5;2216;27,3;1,009300683
39;Прочие;2022;внутрироссийское;в целом;96,7;96,7;164,6;164,6;2234;149,5;1,100725561
40;Уголь каменный;2023;внутрироссийское;в целом;157,9;157,9;179,1;179,1;1134;179,1;1,000025782
41;Кокс каменноугольный;2023;внутрироссийское;в целом;7,7;7,7;21,1;21,1;2744;18,5;1,143481837
42;Нефть и нефтепродукты;2023;внутрироссийское;в целом;130,0;130,0;216,6;216,6;1650;211,1;1,026078462
43;Руды металлические;2023;внутрироссийское;в целом;112,9;112,9;115,7;115,7;1020;115,9;0,997781036
44;Черные металлы;2023;внутрироссийское;в целом;39,4;39,4;73,7;73,7;1410;65,9;1,118629686
45;Лесные грузы;2023;внутрироссийское;в целом;23,6;23,6;21,7;21,7;900;17,0;1,279043512
46;Минерально-строительные материалы;2023;внутрироссийское;в целом;195,0;195,0;216,4;216,4;1000;186,9;1,158312529
47;Химические и минеральные удобрения;2023;внутрироссийское;в целом;30,4;30,4;58,5;58,5;1900;45,8;1,276568017
48;Зерно и продукты перемола;2023;внутрироссийское;в целом;12,7;12,7;27,1;27,1;2100;27,3;0,992242328
49;Прочие;2023;внутрироссийское;в целом;96,9;96,9;174,4;174,4;2240;149,5;1,166021112
50;Уголь каменный;2024;внутрироссийское;в целом;156,5;156,5;177,5;177,5;1134;179,1;0,990930396
51;Кокс каменноугольный;2024;внутрироссийское;в целом;7,7;7,7;21,1;21,1;2744;18,5;1,143481837
52;Нефть и нефтепродукты;2024;внутрироссийское;в целом;130,7;130,7;217,9;217,9;1650;211,1;1,032241325
53;Руды металлические;2024;внутрироссийское;в целом;114,3;114,3;117,1;117,1;1020;115,9;1,009937918
54;Черные металлы;2024;внутрироссийское;в целом;39,5;39,5;74,2;74,2;1415;65,9;1,127071573
55;Лесные грузы;2024;внутрироссийское;в целом;23,8;23,8;22,1;22,1;910;17,0;1,303272802
56;Минерально-строительные материалы;2024;внутрироссийское;в целом;196,0;196,0;216,4;216,4;995;186,9;1,158271814
57;Химические и минеральные удобрения;2024;внутрироссийское;в целом;31,3;31,3;60,2;60,2;1900;45,8;1,312950227
58;Зерно и продукты перемола;2024;внутрироссийское;в целом;13,5;13,5;28,8;28,8;2100;27,3;1,056352443
59;Прочие;2024;внутрироссийское;в целом;97,7;97,7;175,3;175,3;2250;149,5;1,172201882
60;Уголь каменный;2025;внутрироссийское;в целом;156,5;156,5;177,6;177,6;1134;179,1;0,991246943
61;Кокс каменноугольный;2025;внутрироссийское;в целом;7,7;7,7;21,1;21,1;2744;18,5;1,143481837
62;Нефть и нефтепродукты;2025;внутрироссийское;в целом;133,6;133,6;223,3;223,3;1650;211,1;1,05754689
63;Руды металлические;2025;внутрироссийское;в целом;116,0;116,0;118,8;118,8;1020;115,9;1,025071515
64;Черные металлы;2025;внутрироссийское;в целом;39,8;39,8;75,1;75,1;1420;65,9;1,140801391
65;Лесные грузы;2025;внутрироссийское;в целом;24,4;24,4;22,9;22,9;920;17,0;1,351550027
66;Минерально-строительные материалы;2025;внутрироссийское;в целом;202,0;202,0;220,3;220,3;985;186,9;1,178733353
67;Химические и минеральные удобрения;2025;внутрироссийское;в целом;32,1;32,1;61,8;61,8;1900;45,8;1,348187309
68;Зерно и продукты перемола;2025;внутрироссийское;в целом;14,0;14,0;29,9;29,9;2100;27,3;1,095598307
69;Прочие;2025;внутрироссийское;в целом;99,2;99,2;176,5;176,5;2255;149,5;1,180292802
70;Уголь каменный;2026;внутрироссийское;в целом;156,5;156,5;177,9;177,9;1136;179,1;0,993000756
71;Кокс каменноугольный;2026;внутрироссийское;в целом;7,8;7,8;21,4;21,4;2744;18,5;1,160411309
72;Нефть и нефтепродукты;2026;внутрироссийское;в целом;136,0;136,0;226,7;226,7;1650;211,1;1,073513598
73;Руды металлические;2026;внутрироссийское;в целом;123,3;123,3;125,7;125,7;1014;115,9;1,084120903
74;Черные металлы;2026;внутрироссийское;в целом;47,9;47,9;86,9;86,9;1434;65,9;1,31972581
75;Лесные грузы;2026;внутрироссийское;в целом;25,0;25,0;23,6;23,6;925;17,0;1,390908555
76;Минерально-строительные материалы;2026;внутрироссийское;в целом;212,2;212,2;231,0;231,0;987;186,9;1,236451628
77;Химические и минеральные удобрения;2026;внутрироссийское;в целом;34,9;34,9;67,1;67,1;1889;45,8;1,464988654
78;Зерно и продукты перемола;2026;внутрироссийское;в целом;14,4;14,4;30,9;30,9;2105;27,3;1,131375328
79;Прочие;2026;внутрироссийское;в целом;100,9;100,9;179,5;179,5;2260;149,5;1,200528842
80;Уголь каменный;2027;внутрироссийское;в целом;156,5;156,5;178,2;178,2;1138;179,1;0,994754598
81;Кокс каменноугольный;2027;внутрироссийское;в целом;7,9;7,9;21,8;21,8;2744;18,5;1,177489284
82;Нефть и нефтепродукты;2027;внутрироссийское;в целом;138,3;138,3;232,2;232,2;1650;211,1;1,099905439
83;Руды металлические;2027;внутрироссийское;в целом;125,0;125,0;126,8;126,8;1009;115,9;1,093704522
84;Черные металлы;2027;внутрироссийское;в целом;48,4;48,4;88,0;88,0;1437;65,9;1,335600231
85;Лесные грузы;2027;внутрироссийское;в целом;25,5;25,5;24,2;24,2;930;17,0;1,4285844
86;Минерально-строительные материалы;2027;внутрироссийское;в целом;218,2;218,2;237,8;237,8;990;186,9;1,272646133
87;Химические и минеральные удобрения;2027;внутрироссийское;в целом;35,7;35,7;68,4;68,4;1884;45,8;1,492848334
88;Зерно и продукты перемола;2027;внутрироссийское;в целом;14,8;14,8;31,8;31,8;2110;27,3;1,164912989
89;Прочие;2027;внутрироссийское;в целом;102,8;102,8;180,7;180,7;2265;149,5;1,208180248
90;Уголь каменный;2028;внутрироссийское;в целом;156,5;156,5;178,5;178,5;1140;179,1;0,996508457
91;Кокс каменноугольный;2028;внутрироссийское;в целом;8,0;8,0;22,1;22,1;2744;18,5;1,194864268
92;Нефть и нефтепродукты;2028;внутрироссийское;в целом;140,6;140,6;236,5;236,5;1650;211,1;1,120279775
93;Руды металлические;2028;внутрироссийское;в целом;126,7;126,7;127,9;127,9;1004;115,9;1,103044929
94;Черные металлы;2028;внутрироссийское;в целом;48,9;48,9;89,0;89,0;1440;65,9;1,351332675
95;Лесные грузы;2028;внутрироссийское;в целом;26,0;26,0;24,8;24,8;935;17,0;1,464379459
96;Минерально-строительные материалы;2028;внутрироссийское;в целом;224,2;224,2;244,6;244,6;993;186,9;1,308830089
97;Химические и минеральные удобрения;2028;внутрироссийское;в целом;36,3;36,3;69,6;69,6;1879;45,8;1,518448543
98;Зерно и продукты перемола;2028;внутрироссийское;в целом;15,2;15,2;32,7;32,7;2115;27,3;1,197124352
99;Прочие;2028;внутрироссийское;в целом;105,0;105,0;184,0;184,0;2270;149,5;1,230153346
100;Уголь каменный;2029;внутрироссийское;в целом;156,5;156,5;178,8;178,8;1142;179,1;0,998262343
101;Кокс каменноугольный;2029;внутрироссийское;в целом;8,2;8,2;22,4;22,4;2744;18,5;1,212387756
102;Нефть и нефтепродукты;2029;внутрироссийское;в целом;142,8;142,8;240,7;240,7;1650;211,1;1,14006799
103;Руды металлические;2029;внутрироссийское;в целом;128,4;128,4;128,9;128,9;999;115,9;1,112126303
104;Черные металлы;2029;внутрироссийское;в целом;49,5;49,5;90,0;90,0;1443;65,9;1,366921883
105;Лесные грузы;2029;внутрироссийское;в целом;26,4;26,4;25,4;25,4;940;17,0;1,499533046
106;Минерально-строительные материалы;2029;внутрироссийское;в целом;230,1;230,1;251,3;251,3;996;186,9;1,344927028
107;Химические и минеральные удобрения;2029;внутрироссийское;в целом;36,9;36,9;70,7;70,7;1874;45,8;1,541642375
108;Зерно и продукты перемола;2029;внутрироссийское;в целом;15,5;15,5;33,5;33,5;2120;27,3;1,22784353
109;Прочие;2029;внутрироссийское;в целом;107,3;107,3;187,6;187,6;2275;149,5;1,254493527
110;Уголь каменный;2030;внутрироссийское;в целом;156,5;156,5;179,1;179,1;1144;179,1;1,000016246
111;Кокс каменноугольный;2030;внутрироссийское;в целом;8,3;8,3;22,7;22,7;2744;18,5;1,230208252
112;Нефть и нефтепродукты;2030;внутрироссийское;в целом;144,9;144,9;244,8;244,8;1650;211,1;1,15923101
113;Руды металлические;2030;внутрироссийское;в целом;130,0;130,0;129,9;129,9;994;115,9;1,120941761
114;Черные металлы;2030;внутрироссийское;в целом;50,0;50,0;91,0;91,0;1446;65,9;1,3823447
115;Лесные грузы;2030;внутрироссийское;в целом;26,9;26,9;26,0;26,0;945;17,0;1,533974412
116;Минерально-строительные материалы;2030;внутрироссийское;в целом;236,0;236,0;258,0;258,0;999;186,9;1,380870253
117;Химические и минеральные удобрения;2030;внутрироссийское;в целом;37,5;37,5;71,7;71,7;1869;45,8;1,563712112
118;Зерно и продукты перемола;2030;внутрироссийское;в целом;15,9;15,9;34,3;34,3;2125;27,3;1,256903314
119;Прочие;2030;внутрироссийское;в целом;109,7;109,7;191,5;191,5;2280;149,5;1,280361995
120;Уголь каменный;2031;внутрироссийское;в целом;156,5;156,5;179,4;179,4;1146;179,1;1,001770177
121;Кокс каменноугольный;2031;внутрироссийское;в целом;8,4;8,4;23,1;23,1;2744;18,5;1,248325757
122;Нефть и нефтепродукты;2031;внутрироссийское;в целом;147,0;147,0;248,7;248,7;1650;211,1;1,177729759
123;Руды металлические;2031;внутрироссийское;в целом;131,7;131,7;130,9;130,9;989;115,9;1,129484574
124;Черные металлы;2031;внутрироссийское;в целом;50,5;50,5;91,9;91,9;1446;65,9;1,394683844
125;Лесные грузы;2031;внутрироссийское;в целом;27,3;27,3;26,5;26,5;947;17,0;1,56268121
126;Минерально-строительные материалы;2031;внутрироссийское;в целом;241,8;241,8;264,4;264,4;1001;186,9;1,415167385
127;Химические и минеральные удобрения;2031;внутрироссийское;в целом;38,1;38,1;72,6;72,6;1864;45,8;1,584624916
128;Зерно и продукты перемола;2031;внутрироссийское;в целом;16,2;16,2;35,0;35,0;2130;27,3;1,284134887
129;Прочие;2031;внутрироссийское;в целом;112,2;112,2;195,6;195,6;2285;149,5;1,307829314
130;Уголь каменный;2032;внутрироссийское;в целом;156,5;156,5;179,8;179,8;1148;179,1;1,003524125
131;Кокс каменноугольный;2032;внутрироссийское;в целом;8,5;8,5;23,4;23,4;2744;18,5;1,266740269
132;Нефть и нефтепродукты;2032;внутрироссийское;в целом;148,9;148,9;252,5;252,5;1650;211,1;1,195759612
133;Руды металлические;2032;внутрироссийское;в целом;133,3;133,3;131,9;131,9;984;115,9;1,137748187
134;Черные металлы;2032;внутрироссийское;в целом;51,0;51,0;92,7;92,7;1446;65,9;1,406781531
135;Лесные грузы;2032;внутрироссийское;в целом;27,7;27,7;27,0;27,0;949;17,0;1,590376511
136;Минерально-строительные материалы;2032;внутрироссийское;в целом;247,5;247,5;270,8;270,8;1003;186,9;1,449091526
137;Химические и минеральные удобрения;2032;внутрироссийское;в целом;38,6;38,6;73,5;73,5;1859;45,8;1,60430787
138;Зерно и продукты перемола;2032;внутрироссийское;в целом;16,4;16,4;35,8;35,8;2135;27,3;1,310698107
139;Прочие;2032;внутрироссийское;в целом;114,8;114,8;199,9;199,9;2290;149,5;1,336951243
140;Уголь каменный;2033;внутрироссийское;в целом;156,5;156,5;180,1;180,1;1150;179,1;1,0052781
141;Кокс каменноугольный;2033;внутрироссийское;в целом;8,7;8,7;23,7;23,7;2744;18,5;1,285303286
142;Нефть и нефтепродукты;2033;внутрироссийское;в целом;150,8;150,8;256,2;256,2;1650;211,1;1,213297124
143;Руды металлические;2033;внутрироссийское;в целом;134,9;134,9;132,8;132,8;979;115,9;1,145726243
144;Черные металлы;2033;внутрироссийское;в целом;51,5;51,5;93,4;93,4;1446;65,9;1,41861798
145;Лесные грузы;2033;внутрироссийское;в целом;28,1;28,1;27,4;27,4;951;17,0;1,6169411
146;Минерально-строительные материалы;2033;внутрироссийское;в целом;253,1;253,1;277,0;277,0;1005;186,9;1,482564413
147;Химические и минеральные удобрения;2033;внутрироссийское;в целом;39,2;39,2;74,4;74,4;1854;45,8;1,623295703
148;Зерно и продукты перемола;2033;внутрироссийское;в целом;16,7;16,7;36,5;36,5;2140;27,3;1,336508987
149;Прочие;2033;внутрироссийское;в целом;117,5;117,5;204,5;204,5;2295;149,5;1,367828472
150;Уголь каменный;2034;внутрироссийское;в целом;156,5;156,5;180,4;180,4;1152;179,1;1,007032093
151;Кокс каменноугольный;2034;внутрироссийское;в целом;8,8;8,8;24,1;24,1;2744;18,5;1,304163311
152;Нефть и нефтепродукты;2034;внутрироссийское;в целом;152,7;152,7;259,8;259,8;1650;211,1;1,23031885
153;Руды металлические;2034;внутрироссийское;в целом;136,5;136,5;133,7;133,7;974;115,9;1,153404119
154;Черные металлы;2034;внутрироссийское;в целом;52,0;52,0;94,2;94,2;1446;65,9;1,430186615
155;Лесные грузы;2034;внутрироссийское;в целом;28,5;28,5;27,9;27,9;953;17,0;1,642311008
156;Минерально-строительные материалы;2034;внутрироссийское;в целом;258,6;258,6;283,2;283,2;1007;186,9;1,515512575
157;Химические и минеральные удобрения;2034;внутрироссийское;в целом;39,7;39,7;75,2;75,2;1849;45,8;1,641593
158;Зерно и продукты перемола;2034;внутрироссийское;в целом;17,0;17,0;37,2;37,2;2145;27,3;1,361482951
159;Прочие;2034;внутрироссийское;в целом;120,3;120,3;209,4;209,4;2300;149,5;1,400537857
160;Уголь каменный;2035;внутрироссийское;в целом;156,5;156,5;180,7;180,7;1154;179,1;1,008786113
161;Кокс каменноугольный;2035;внутрироссийское;в целом;8,9;8,9;24,5;24,5;2744;18,5;1,323320345
162;Нефть и нефтепродукты;2035;внутрироссийское;в целом;154,4;154,4;263,2;263,2;1650;211,1;1,246801344
163;Руды металлические;2035;внутрироссийское;в целом;138,1;138,1;134,6;134,6;969;115,9;1,160784283
164;Черные металлы;2035;внутрироссийское;в целом;52,4;52,4;94,9;94,9;1446;65,9;1,441472071
165;Лесные грузы;2035;внутрироссийское;в целом;28,8;28,8;28,3;28,3;955;17,0;1,666478097
166;Минерально-строительные материалы;2035;внутрироссийское;в целом;263,9;263,9;289,2;289,2;1009;186,9;1,547856587
167;Химические и минеральные удобрения;2035;внутрироссийское;в целом;40,2;40,2;76,0;76,0;1844;45,8;1,659123895
168;Зерно и продукты перемола;2035;внутрироссийское;в целом;17,2;17,2;37,8;37,8;2150;27,3;1,385534546
169;Прочие;2035;внутрироссийское;в целом;123,2;123,2;214,6;214,6;2305;149,5;1,435147588
170;Уголь каменный;2019;экспорт;в целом;208,3;208,3;939,8;939,8;4514;939,8;1
171;Кокс каменноугольный;2019;экспорт;в целом;3,6;3,6;7,3;7,3;1954;7,3;1
172;Нефть и нефтепродукты;2019;экспорт;в целом;98,1;98,1;168,9;168,9;1717;168,9;1
173;Руды металлические;2019;экспорт;в целом;23,3;23,3;21,5;21,5;932;21,5;1
174;Черные металлы;2019;экспорт;в целом;28,9;28,9;71,2;71,2;2298;71,2;1
175;Лесные грузы;2019;экспорт;в целом;22,7;22,7;57,4;57,4;1950;57,4;1
176;Минерально-строительные материалы;2019;экспорт;в целом;4,2;4,2;6,4;6,4;1416;6,4;1
177;Химические и минеральные удобрения;2019;экспорт;в целом;35,7;35,7;51,8;51,8;1412;51,8;1
178;Зерно и продукты перемола;2019;экспорт;в целом;12,4;12,4;17,5;17,5;1390;17,5;1
179;Прочие;2019;экспорт;в целом;41,1;41,1;66,7;66,7;2088;66,7;1
180;Уголь каменный;2020;экспорт;в целом;199,6;199,6;912,3;912,3;4552;939,8;0,970760328
181;Кокс каменноугольный;2020;экспорт;в целом;3,8;3,8;6,4;6,4;1701;7,3;0,881293547
182;Нефть и нефтепродукты;2020;экспорт;в целом;91,0;91,0;158,0;158,0;1728;168,9;0,935175136
183;Руды металлические;2020;экспорт;в целом;28,8;28,8;28,1;28,1;950;21,5;1,302449031
184;Черные металлы;2020;экспорт;в целом;28,4;28,4;77,7;77,7;2515;71,2;1,091236633
185;Лесные грузы;2020;экспорт;в целом;20,0;20,0;54,9;54,9;2006;57,4;0,954845485
186;Минерально-строительные материалы;2020;экспорт;в целом;4,7;4,7;6,5;6,5;1324;6,4;1,016241316
187;Химические и минеральные удобрения;2020;экспорт;в целом;36,3;36,3;58,0;58,0;1565;51,8;1,120331213
188;Зерно и продукты перемола;2020;экспорт;в целом;17,2;17,2;24,3;24,3;1418;17,5;1,391087301
189;Прочие;2020;экспорт;в целом;44,0;44,0;75,3;75,3;2245;66,7;1,128146283
190;Уголь каменный;2021;экспорт;в целом;215,1;215,1;939,8;939,8;4395;939,8;0,999928216
191;Кокс каменноугольный;2021;экспорт;в целом;4,1;4,1;6,8;6,8;1655;7,3;0,929452243
192;Нефть и нефтепродукты;2021;экспорт;в целом;91,4;91,4;144,9;144,9;1589;168,9;0,857517259
193;Руды металлические;2021;экспорт;в целом;27,5;27,5;23,2;23,2;826;21,5;1,078682086
194;Черные металлы;2021;экспорт;в целом;29,6;29,6;76,9;76,9;2358;71,2;1,080726907
195;Лесные грузы;2021;экспорт;в целом;19,3;19,3;57,6;57,6;2114;57,4;1,002010184
196;Минерально-строительные материалы;2021;экспорт;в целом;4,9;4,9;7,4;7,4;1425;6,4;1,158668731
197;Химические и минеральные удобрения;2021;экспорт;в целом;38,7;38,7;60,3;60,3;1519;51,8;1,165034339
198;Зерно и продукты перемола;2021;экспорт;в целом;14,6;14,6;20,4;20,4;1333;17,5;1,168714527
199;Прочие;2021;экспорт;в целом;44,7;44,7;72,8;72,8;2333;66,7;1,091461554
200;Уголь каменный;2022;экспорт;в целом;197,1;197,1;857,9;857,9;4355;939,8;0,912837283
201;Кокс каменноугольный;2022;экспорт;в целом;2,7;2,7;5,4;5,4;1981;7,3;0,748709056
202;Нефть и нефтепродукты;2022;экспорт;в целом;86,9;86,9;146,1;146,1;1673;168,9;0,864957906
203;Руды металлические;2022;экспорт;в целом;18,3;18,3;21,2;21,2;1121;21,5;0,982661151
204;Черные металлы;2022;экспорт;в целом;23,9;23,9;67,3;67,3;2530;71,2;0,945656287
205;Лесные грузы;2022;экспорт;в целом;9,9;9,9;48,5;48,5;2781;57,4;0,845091495
206;Минерально-строительные материалы;2022;экспорт;в целом;4,3;4,3;6,6;6,6;1411;6,4;1,040003772
207;Химические и минеральные удобрения;2022;экспорт;в целом;29,7;29,7;46,6;46,6;1496;51,8;0,899001506
208;Зерно и продукты перемола;2022;экспорт;в целом;14,7;14,7;17,8;17,8;1192;17,5;1,016791147
209;Прочие;2022;экспорт;в целом;41,5;41,5;84,2;84,2;2909;66,7;1,261631845
210;Уголь каменный;2023;экспорт;в целом;163,0;163,0;740,7;740,7;4512;939,8;0,788123278
211;Кокс каменноугольный;2023;экспорт;в целом;2,5;2,5;3,9;3,9;1569;7,3;0,53826452
212;Нефть и нефтепродукты;2023;экспорт;в целом;81,4;81,4;132,6;132,6;1625;168,9;0,784928274
213;Руды металлические;2023;экспорт;в целом;21,0;21,0;24,8;24,8;1142;21,5;1,152913115
214;Черные металлы;2023;экспорт;в целом;25,8;25,8;94,7;94,7;3272;71,2;1,33152625
215;Лесные грузы;2023;экспорт;в целом;11,9;11,9;46,2;46,2;2533;57,4;0,804022905
216;Минерально-строительные материалы;2023;экспорт;в целом;4,9;4,9;8,1;8,1;1552;6,4;1,272092435
217;Химические и минеральные удобрения;2023;экспорт;в целом;31,0;31,0;54,2;54,2;1677;51,8;1,046645114
218;Зерно и продукты перемола;2023;экспорт;в целом;14,2;14,2;19,8;19,8;1355;17,5;1,130493138
219;Прочие;2023;экспорт;в целом;41,2;41,2;78,3;78,3;2799;66,7;1,173782585
220;Уголь каменный;2024;экспорт;в целом;180,1;180,1;821,6;821,6;4541;939,8;0,87421661
221;Кокс каменноугольный;2024;экспорт;в целом;3,1;3,1;5,2;5,2;1691;7,3;0,721552436
222;Нефть и нефтепродукты;2024;экспорт;в целом;85,5;85,5;141,5;141,5;1652;168,9;0,837797921
223;Руды металлические;2024;экспорт;в целом;22,0;22,0;26,7;26,7;1173;21,5;1,238345358
224;Черные металлы;2024;экспорт;в целом;26,8;26,8;100,2;100,2;3341;71,2;1,407718353
225;Лесные грузы;2024;экспорт;в целом;11,8;11,8;45,9;45,9;2523;57,4;0,799335687
226;Минерально-строительные материалы;2024;экспорт;в целом;5,5;5,5;9,0;9,0;1535;6,4;1,410903291
227;Химические и минеральные удобрения;2024;экспорт;в целом;32,6;32,6;57,9;57,9;1707;51,8;1,118673561
228;Зерно и продукты перемола;2024;экспорт;в целом;14,8;14,8;20,9;20,9;1361;17,5;1,192100251
229;Прочие;2024;экспорт;в целом;43,4;43,4;84,0;84,0;2815;66,7;1,258823552
230;Уголь каменный;2025;экспорт;в целом;198,2;198,2;904,6;904,6;4544;939,8;0,962554239
231;Кокс каменноугольный;2025;экспорт;в целом;3,3;3,3;5,6;5,6;1692;7,3;0,768373245
232;Нефть и нефтепродукты;2025;экспорт;в целом;88,5;88,5;147,0;147,0;1658;168,9;0,870371874
233;Руды металлические;2025;экспорт;в целом;23,0;23,0;28,3;28,3;1189;21,5;1,312183176
234;Черные металлы;2025;экспорт;в целом;28,1;28,1;105,2;105,2;3356;71,2;1,478131753
235;Лесные грузы;2025;экспорт;в целом;11,9;11,9;46,6;46,6;2519;57,4;0,811156534
236;Минерально-строительные материалы;2025;экспорт;в целом;5,8;5,8;9,5;9,5;1532;6,4;1,487836534
237;Химические и минеральные удобрения;2025;экспорт;в целом;36,4;36,4;64,7;64,7;1713;51,8;1,249826033
238;Зерно и продукты перемола;2025;экспорт;в целом;15,7;15,7;22,0;22,0;1354;17,5;1,256964291
239;Прочие;2025;экспорт;в целом;44,8;44,8;86,3;86,3;2801;66,7;1,293103401
240;Уголь каменный;2026;экспорт;в целом;225,1;225,1;1014,8;1014,8;4494;939,8;1,079812731
241;Кокс каменноугольный;2026;экспорт;в целом;4,3;4,3;7,9;7,9;1832;7,3;1,091518855
242;Нефть и нефтепродукты;2026;экспорт;в целом;95,2;95,2;160,0;160,0;1676;168,9;0,94707392
243;Руды металлические;2026;экспорт;в целом;26,8;26,8;47,9;47,9;1744;21,5;2,221583236
244;Черные металлы;2026;экспорт;в целом;29,4;29,4;93,1;93,1;2851;71,2;1,308718653
245;Лесные грузы;2026;экспорт;в целом;12,1;12,1;54,3;54,3;2648;57,4;0,944903735
246;Минерально-строительные материалы;2026;экспорт;в целом;6,1;6,1;10,2;10,2;1558;6,4;1,599818179
247;Химические и минеральные удобрения;2026;экспорт;в целом;41,1;41,1;71,5;71,5;1692;51,8;1,381245713
248;Зерно и продукты перемола;2026;экспорт;в целом;17,1;17,1;24,2;24,2;1366;17,5;1,385407823
249;Прочие;2026;экспорт;в целом;49,8;49,8;106,8;106,8;3112;66,7;1,600287104
250;Уголь каменный;2027;экспорт;в целом;235,1;235,1;1059,3;1059,3;4490;939,8;1,127113359
251;Кокс каменноугольный;2027;экспорт;в целом;4,3;4,3;8,0;8,0;1835;7,3;1,097666942
252;Нефть и нефтепродукты;2027;экспорт;в целом;95,7;95,7;160,4;160,4;1672;168,9;0,949627475
253;Руды металлические;2027;экспорт;в целом;28,8;28,8;50,5;50,5;1719;21,5;2,346668106
254;Черные металлы;2027;экспорт;в целом;30,6;30,6;95,4;95,4;2809;71,2;1,340223725
255;Лесные грузы;2027;экспорт;в целом;12,4;12,4;56,1;56,1;2663;57,4;0,977244429
256;Минерально-строительные материалы;2027;экспорт;в целом;6,4;6,4;10,7;10,7;1557;6,4;1,676581859
257;Химические и минеральные удобрения;2027;экспорт;в целом;43,6;43,6;75,1;75,1;1678;51,8;1,451009965
258;Зерно и продукты перемола;2027;экспорт;в целом;18,7;18,7;26,2;26,2;1351;17,5;1,496697972
259;Прочие;2027;экспорт;в целом;50,6;50,6;108,7;108,7;3151;66,7;1,629265998
260;Уголь каменный;2028;экспорт;в целом;237,6;237,6;1078,4;1078,4;4522;939,8;1,147440909
261;Кокс каменноугольный;2028;экспорт;в целом;4,3;4,3;8,0;8,0;1839;7,3;1,103815029
262;Нефть и нефтепродукты;2028;экспорт;в целом;96,2;96,2;160,9;160,9;1667;168,9;0,952180664
263;Руды металлические;2028;экспорт;в целом;30,7;30,7;53,2;53,2;1696;21,5;2,471752976
264;Черные металлы;2028;экспорт;в целом;31,9;31,9;97,8;97,8;2768;71,2;1,373881774
265;Лесные грузы;2028;экспорт;в целом;12,7;12,7;57,8;57,8;2678;57,4;1,005712289
266;Минерально-строительные материалы;2028;экспорт;в целом;6,6;6,6;11,0;11,0;1551;6,4;1,721287205
267;Химические и минеральные удобрения;2028;экспорт;в целом;45,5;45,5;77,9;77,9;1668;51,8;1,50477275
268;Зерно и продукты перемола;2028;экспорт;в целом;20,8;20,8;28,6;28,6;1333;17,5;1,635881354
269;Прочие;2028;экспорт;в целом;51,3;51,3;111,0;111,0;3195;66,7;1,663478527
270;Уголь каменный;2029;экспорт;в целом;250,5;250,5;1137,5;1137,5;4523;939,8;1,210289564
271;Кокс каменноугольный;2029;экспорт;в целом;4,5;4,5;8,8;8,8;1967;7,3;1,21230278
272;Нефть и нефтепродукты;2029;экспорт;в целом;96,9;96,9;161,9;161,9;1666;168,9;0,958456657
273;Руды металлические;2029;экспорт;в целом;31,8;31,8;55,2;55,2;1697;21,5;2,560610201
274;Черные металлы;2029;экспорт;в целом;34,2;34,2;107,2;107,2;2844;71,2;1,507094523
275;Лесные грузы;2029;экспорт;в целом;13,1;13,1;59,9;59,9;2707;57,4;1,042180299
276;Минерально-строительные материалы;2029;экспорт;в целом;6,7;6,7;11,2;11,2;1547;6,4;1,763792627
277;Химические и минеральные удобрения;2029;экспорт;в целом;47,4;47,4;82,0;82,0;1686;51,8;1,583820626
278;Зерно и продукты перемола;2029;экспорт;в целом;23,8;23,8;32,7;32,7;1333;17,5;1,869726651
279;Прочие;2029;экспорт;в целом;52,7;52,7;114,3;114,3;3213;66,7;1,713619688
280;Уголь каменный;2030;экспорт;в целом;263,8;263,8;1199,1;1199,1;4527;939,8;1,275920799
281;Кокс каменноугольный;2030;экспорт;в целом;4,5;4,5;8,9;8,9;1970;7,3;1,218684833
282;Нефть и нефтепродукты;2030;экспорт;в целом;97,3;97,3;162,4;162,4;1664;168,9;0,961519353
283;Руды металлические;2030;экспорт;в целом;32,2;32,2;56,0;56,0;1702;21,5;2,600265521
284;Черные металлы;2030;экспорт;в целом;36,4;36,4;115,9;115,9;2904;71,2;1,628098138
285;Лесные грузы;2030;экспорт;в целом;13,5;13,5;61,5;61,5;2726;57,4;1,070552921
286;Минерально-строительные материалы;2030;экспорт;в целом;6,9;6,9;11,5;11,5;1542;6,4;1,803657793
287;Химические и минеральные удобрения;2030;экспорт;в целом;48,9;48,9;84,7;84,7;1687;51,8;1,636714059
288;Зерно и продукты перемола;2030;экспорт;в целом;27,3;27,3;37,3;37,3;1330;17,5;2,130946891
289;Прочие;2030;экспорт;в целом;54,3;54,3;120,1;120,1;3268;66,7;1,800527664
290;Уголь каменный;2031;экспорт;в целом;263,8;263,8;1208,3;1208,3;4560;939,8;1,285629037
291;Кокс каменноугольный;2031;экспорт;в целом;4,5;4,5;8,9;8,9;1973;7,3;1,225066887
292;Нефть и нефтепродукты;2031;экспорт;в целом;97,6;97,6;162,9;162,9;1662;168,9;0,96399922
293;Руды металлические;2031;экспорт;в целом;32,9;32,9;58,0;58,0;1722;21,5;2,694074275
294;Черные металлы;2031;экспорт;в целом;37,6;37,6;120,8;120,8;2931;71,2;1,697673496
295;Лесные грузы;2031;экспорт;в целом;13,5;13,5;61,9;61,9;2730;57,4;1,077403117
296;Минерально-строительные материалы;2031;экспорт;в целом;7,0;7,0;11,7;11,7;1538;6,4;1,843742968
297;Химические и минеральные удобрения;2031;экспорт;в целом;50,1;50,1;87,1;87,1;1690;51,8;1,682200039
298;Зерно и продукты перемола;2031;экспорт;в целом;29,1;29,1;40,0;40,0;1338;17,5;2,288790564
299;Прочие;2031;экспорт;в целом;55,9;55,9;126,3;126,3;3330;66,7;1,893636926
300;Уголь каменный;2032;экспорт;в целом;306,4;306,4;1405,4;1405,4;4567;939,8;1,495334088
301;Кокс каменноугольный;2032;экспорт;в целом;4,5;4,5;8,9;8,9;1976;7,3;1,23144894
302;Нефть и нефтепродукты;2032;экспорт;в целом;99,0;99,0;165,8;165,8;1669;168,9;0,981419969
303;Руды металлические;2032;экспорт;в целом;35,5;35,5;64,9;64,9;1790;21,5;3,013522341
304;Черные металлы;2032;экспорт;в целом;38,7;38,7;126,3;126,3;2982;71,2;1,775087993
305;Лесные грузы;2032;экспорт;в целом;13,5;13,5;62,4;62,4;2740;57,4;1,086674883
306;Минерально-строительные материалы;2032;экспорт;в целом;7,1;7,1;11,9;11,9;1544;6,4;1,872262155
307;Химические и минеральные удобрения;2032;экспорт;в целом;51,0;51,0;90,0;90,0;1716;51,8;1,73832499
308;Зерно и продукты перемола;2032;экспорт;в целом;30,7;30,7;42,6;42,6;1354;17,5;2,437251645
309;Прочие;2032;экспорт;в целом;59,1;59,1;142,7;142,7;3504;66,7;2,139549969
310;Уголь каменный;2033;экспорт;в целом;306,4;306,4;1405,8;1405,8;4567;939,8;1,495824562
311;Кокс каменноугольный;2033;экспорт;в целом;4,5;4,5;9,0;9,0;1978;7,3;1,237830994
312;Нефть и нефтепродукты;2033;экспорт;в целом;99,5;99,5;166,9;166,9;1671;168,9;0,987789196
313;Руды металлические;2033;экспорт;в целом;36,3;36,3;67,2;67,2;1809;21,5;3,119866613
314;Черные металлы;2033;экспорт;в целом;39,0;39,0;127,5;127,5;2986;71,2;1,79124717
315;Лесные грузы;2033;экспорт;в целом;13,5;13,5;62,8;62,8;2745;57,4;1,093567902
316;Минерально-строительные материалы;2033;экспорт;в целом;7,2;7,2;12,1;12,1;1550;6,4;1,901001194
317;Химические и минеральные удобрения;2033;экспорт;в целом;51,5;51,5;91,5;91,5;1725;51,8;1,766737312
318;Зерно и продукты перемола;2033;экспорт;в целом;31,4;31,4;43,7;43,7;1356;17,5;2,500422314
319;Прочие;2033;экспорт;в целом;60,4;60,4;147,5;147,5;3545;66,7;2,211229273
320;Уголь каменный;2034;экспорт;в целом;306,4;306,4;1406,3;1406,3;4567;939,8;1,496315036
321;Кокс каменноугольный;2034;экспорт;в целом;4,5;4,5;9,0;9,0;1981;7,3;1,244213047
322;Нефть и нефтепродукты;2034;экспорт;в целом;100,0;100,0;168,0;168,0;1673;168,9;0,994158068
323;Руды металлические;2034;экспорт;в целом;36,9;36,9;68,7;68,7;1820;21,5;3,188604333
324;Черные металлы;2034;экспорт;в целом;39,2;39,2;128,6;128,6;2990;71,2;1,80745705
325;Лесные грузы;2034;экспорт;в целом;13,5;13,5;63,2;63,2;2749;57,4;1,100475231
326;Минерально-строительные материалы;2034;экспорт;в целом;7,2;7,2;12,3;12,3;1556;6,4;1,929960241
327;Химические и минеральные удобрения;2034;экспорт;в целом;52,0;52,0;93,0;93,0;1735;51,8;1,795357165
328;Зерно и продукты перемола;2034;экспорт;в целом;32,0;32,0;44,7;44,7;1359;17,5;2,557275367
329;Прочие;2034;экспорт;в целом;61,7;61,7;152,3;152,3;3585;66,7;2,282424278
330;Уголь каменный;2035;экспорт;в целом;306,4;306,4;1406,7;1406,7;4567;939,8;1,49680551
331;Кокс каменноугольный;2035;экспорт;в целом;4,5;4,5;9,1;9,1;1984;7,3;1,2505951
332;Нефть и нефтепродукты;2035;экспорт;в целом;100,5;100,5;169,0;169,0;1675;168,9;1,00052656
333;Руды металлические;2035;экспорт;в целом;37,4;37,4;72,3;72,3;1889;21,5;3,358790183
334;Черные металлы;2035;экспорт;в целом;39,5;39,5;129,8;129,8;2994;71,2;1,823693702
335;Лесные грузы;2035;экспорт;в целом;13,5;13,5;63,6;63,6;2753;57,4;1,107275641
336;Минерально-строительные материалы;2035;экспорт;в целом;7,3;7,3;12,5;12,5;1562;6,4;1,959139454
337;Химические и минеральные удобрения;2035;экспорт;в целом;52,5;52,5;94,5;94,5;1745;51,8;1,824185747
338;Зерно и продукты перемола;2035;экспорт;в целом;32,5;32,5;45,4;45,4;1360;17,5;2,597215804
339;Прочие;2035;экспорт;в целом;62,9;62,9;157,0;157,0;3624;66,7;2,35316498
340;Уголь каменный;2019;импорт;в целом;0,0;0,0;11,7;11,7;0;11,7;1
341;Кокс каменноугольный;2019;импорт;в целом;0,0;0,0;0,1;0,1;0;0,1;1
342;Нефть и нефтепродукты;2019;импорт;в целом;0,0;0,0;2,2;2,2;0;2,2;1
343;Руды металлические;2019;импорт;в целом;0,0;0,0;28,1;28,1;0;28,1;1
344;Черные металлы;2019;импорт;в целом;0,0;0,0;6,5;6,5;0;6,5;1
345;Лесные грузы;2019;импорт;в целом;0,0;0,0;0,6;0,6;0;0,6;1
346;Минерально-строительные материалы;2019;импорт;в целом;0,0;0,0;12,9;12,9;0;12,9;1
347;Химические и минеральные удобрения;2019;импорт;в целом;0,0;0,0;0,9;0,9;0;0,9;1
348;Зерно и продукты перемола;2019;импорт;в целом;0,0;0,0;0,6;0,6;0;0,6;1
349;Прочие;2019;импорт;в целом;0,0;0,0;46,6;46,6;0;46,6;1
350;Уголь каменный;2020;импорт;в целом;0,0;0,0;11,3;11,3;0;11,7;0,967526695
351;Кокс каменноугольный;2020;импорт;в целом;0,0;0,0;0,1;0,1;0;0,1;0,871318034
352;Нефть и нефтепродукты;2020;импорт;в целом;0,0;0,0;1,9;1,9;0;2,2;0,847030391
353;Руды металлические;2020;импорт;в целом;0,0;0,0;26,5;26,5;0;28,1;0,941786647
354;Черные металлы;2020;импорт;в целом;0,0;0,0;5,8;5,8;0;6,5;0,89758421
355;Лесные грузы;2020;импорт;в целом;0,0;0,0;0,6;0,6;0;0,6;1,09397304
356;Минерально-строительные материалы;2020;импорт;в целом;0,0;0,0;10,8;10,8;0;12,9;0,836999816
357;Химические и минеральные удобрения;2020;импорт;в целом;0,0;0,0;1,3;1,3;0;0,9;1,396207465
358;Зерно и продукты перемола;2020;импорт;в целом;0,0;0,0;0,8;0,8;0;0,6;1,1998607
359;Прочие;2020;импорт;в целом;0,0;0,0;52,9;52,9;0;46,6;1,136303858
360;Уголь каменный;2021;импорт;в целом;0,0;0,0;10,9;10,9;0;11,7;0,925964702
361;Кокс каменноугольный;2021;импорт;в целом;0,0;0,0;0,2;0,2;0;0,1;1,681333277
362;Нефть и нефтепродукты;2021;импорт;в целом;0,0;0,0;2,2;2,2;0;2,2;0,985574558
363;Руды металлические;2021;импорт;в целом;0,0;0,0;27,7;27,7;0;28,1;0,984010876
364;Черные металлы;2021;импорт;в целом;0,0;0,0;6,3;6,3;0;6,5;0,96778576
365;Лесные грузы;2021;импорт;в целом;0,0;0,0;0,6;0,6;0;0,6;1,128964984
366;Минерально-строительные материалы;2021;импорт;в целом;0,0;0,0;12,6;12,6;0;12,9;0,981029238
367;Химические и минеральные удобрения;2021;импорт;в целом;0,0;0,0;1,3;1,3;0;0,9;1,389373642
368;Зерно и продукты перемола;2021;импорт;в целом;0,0;0,0;0,8;0,8;0;0,6;1,288659108
369;Прочие;2021;импорт;в целом;0,0;0,0;71,1;71,1;0;46,6;1,525743162
370;Уголь каменный;2022;импорт;в целом;0,0;0,0;11,4;11,4;0;11,7;0,968969043
371;Кокс каменноугольный;2022;импорт;в целом;0,0;0,0;0,1;0,1;0;0,1;1,202218487
372;Нефть и нефтепродукты;2022;импорт;в целом;0,0;0,0;2,5;2,5;0;2,2;1,122741457
373;Руды металлические;2022;импорт;в целом;0,0;0,0;27,7;27,7;0;28,1;0,983085447
374;Черные металлы;2022;импорт;в целом;0,0;0,0;6,8;6,8;0;6,5;1,049913964
375;Лесные грузы;2022;импорт;в целом;0,0;0,0;0,6;0,6;0;0,6;1,120436594
376;Минерально-строительные материалы;2022;импорт;в целом;0,0;0,0;14,3;14,3;0;12,9;1,109170092
377;Химические и минеральные удобрения;2022;импорт;в целом;0,0;0,0;1,8;1,8;0;0,9;1,996394766
378;Зерно и продукты перемола;2022;импорт;в целом;0,0;0,0;0,8;0,8;0;0,6;1,270586922
379;Прочие;2022;импорт;в целом;0,0;0,0;92,5;92,5;0;46,6;1,98607638
380;Уголь каменный;2023;импорт;в целом;0,0;0,0;11,0;11,0;0;11,7;0,938086304
381;Кокс каменноугольный;2023;импорт;в целом;0,0;0,0;0,2;0,2;0;0,1;1,866386555
382;Нефть и нефтепродукты;2023;импорт;в целом;0,0;0,0;1,6;1,6;0;2,2;0,701438849
383;Руды металлические;2023;импорт;в целом;0,0;0,0;23,1;23,1;0;28,1;0,820720529
384;Черные металлы;2023;импорт;в целом;0,0;0,0;4,3;4,3;0;6,5;0,664195243
385;Лесные грузы;2023;импорт;в целом;0,0;0,0;0,4;0,4;0;0,6;0,742753623
386;Минерально-строительные материалы;2023;импорт;в целом;0,0;0,0;12,1;12,1;0;12,9;0,938493756
387;Химические и минеральные удобрения;2023;импорт;в целом;0,0;0,0;1,1;1,1;0;0,9;1,177753544
388;Зерно и продукты перемола;2023;импорт;в целом;0,0;0,0;0,9;0,9;0;0,6;1,403508772
389;Прочие;2023;импорт;в целом;0,0;0,0;73,7;73,7;0;46,6;1,581895442
390;Уголь каменный;2024;импорт;в целом;0,0;0,0;11,0;11,0;0;11,7;0,938086304
391;Кокс каменноугольный;2024;импорт;в целом;0,0;0,0;0,2;0,2;0;0,1;1,919327731
392;Нефть и нефтепродукты;2024;импорт;в целом;0,0;0,0;1,5;1,5;0;2,2;0,674460432
393;Руды металлические;2024;импорт;в целом;0,0;0,0;21,0;21,0;0;28,1;0,746109572
394;Черные металлы;2024;импорт;в целом;0,0;0,0;3,2;3,2;0;6,5;0,498146432
395;Лесные грузы;2024;импорт;в целом;0,0;0,0;0,4;0,4;0;0,6;0,742753623
396;Минерально-строительные материалы;2024;импорт;в целом;0,0;0,0;12,3;12,3;0;12,9;0,955557279
397;Химические и минеральные удобрения;2024;импорт;в целом;0,0;0,0;0,7;0,7;0;0,9;0,736095965
398;Зерно и продукты перемола;2024;импорт;в целом;0,0;0,0;0,9;0,9;0;0,6;1,403508772
399;Прочие;2024;импорт;в целом;0,0;0,0;75,1;75,1;0;46,6;1,611189802
400;Уголь каменный;2025;импорт;в целом;0,0;0,0;11,0;11,0;0;11,7;0,938086304
401;Кокс каменноугольный;2025;импорт;в целом;0,0;0,0;0,2;0,2;0;0,1;1,794957983
402;Нефть и нефтепродукты;2025;импорт;в целом;0,0;0,0;1,4;1,4;0;2,2;0,647482014
403;Руды металлические;2025;импорт;в целом;0,0;0,0;21,0;21,0;0;28,1;0,746109572
404;Черные металлы;2025;импорт;в целом;0,0;0,0;3,2;3,2;0;6,5;0,498146432
405;Лесные грузы;2025;импорт;в целом;0,0;0,0;0,4;0,4;0;0,6;0,742753623
406;Минерально-строительные материалы;2025;импорт;в целом;0,0;0,0;12,5;12,5;0;12,9;0,972620802
407;Химические и минеральные удобрения;2025;импорт;в целом;0,0;0,0;0,7;0,7;0;0,9;0,736095965
408;Зерно и продукты перемола;2025;импорт;в целом;0,0;0,0;0,9;0,9;0;0,6;1,403508772
409;Прочие;2025;импорт;в целом;0,0;0,0;77,3;77,3;0;46,6;1,65851146
410;Уголь каменный;2026;импорт;в целом;0,0;0,0;11,0;11,0;0;11,7;0,941497527
411;Кокс каменноугольный;2026;импорт;в целом;0,0;0,0;0,2;0,2;0;0,1;1,764705882
412;Нефть и нефтепродукты;2026;импорт;в целом;0,0;0,0;1,4;1,4;0;2,2;0,647482014
413;Руды металлические;2026;импорт;в целом;0,0;0,0;20,0;20,0;0;28,1;0,708804093
414;Черные металлы;2026;импорт;в целом;0,0;0,0;3,2;3,2;0;6,5;0,498146432
415;Лесные грузы;2026;импорт;в целом;0,0;0,0;0,4;0,4;0;0,6;0,742753623
416;Минерально-строительные материалы;2026;импорт;в целом;0,0;0,0;12,6;12,6;0;12,9;0,976886683
417;Химические и минеральные удобрения;2026;импорт;в целом;0,0;0,0;0,7;0,7;0;0,9;0,736095965
418;Зерно и продукты перемола;2026;импорт;в целом;0,0;0,0;0,9;0,9;0;0,6;1,403508772
419;Прочие;2026;импорт;в целом;0,0;0,0;107,5;107,5;0;46,6;2,307816122
420;Уголь каменный;2027;импорт;в целом;0,0;0,0;11,1;11,1;0;11,7;0,94490875
421;Кокс каменноугольный;2027;импорт;в целом;0,0;0,0;0,2;0,2;0;0,1;1,764705882
422;Нефть и нефтепродукты;2027;импорт;в целом;0,0;0,0;1,4;1,4;0;2,2;0,647482014
423;Руды металлические;2027;импорт;в целом;0,0;0,0;18,9;18,9;0;28,1;0,671498614
424;Черные металлы;2027;импорт;в целом;0,0;0,0;3,2;3,2;0;6,5;0,498146432
425;Лесные грузы;2027;импорт;в целом;0,0;0,0;0,4;0,4;0;0,6;0,742753623
426;Минерально-строительные материалы;2027;импорт;в целом;0,0;0,0;12,7;12,7;0;12,9;0,981152563
427;Химические и минеральные удобрения;2027;импорт;в целом;0,0;0,0;0,7;0,7;0;0,9;0,736095965
428;Зерно и продукты перемола;2027;импорт;в целом;0,0;0,0;0,9;0,9;0;0,6;1,403508772
429;Прочие;2027;импорт;в целом;0,0;0,0;111,1;111,1;0;46,6;2,384324835
430;Уголь каменный;2028;импорт;в целом;0,0;0,0;11,1;11,1;0;11,7;0,948319973
431;Кокс каменноугольный;2028;импорт;в целом;0,0;0,0;0,2;0,2;0;0,1;1,764705882
432;Нефть и нефтепродукты;2028;импорт;в целом;0,0;0,0;1,4;1,4;0;2,2;0,647482014
433;Руды металлические;2028;импорт;в целом;0,0;0,0;17,9;17,9;0;28,1;0,634193136
434;Черные металлы;2028;импорт;в целом;0,0;0,0;3,2;3,2;0;6,5;0,498146432
435;Лесные грузы;2028;импорт;в целом;0,0;0,0;0,4;0,4;0;0,6;0,742753623
436;Минерально-строительные материалы;2028;импорт;в целом;0,0;0,0;12,7;12,7;0;12,9;0,985418444
437;Химические и минеральные удобрения;2028;импорт;в целом;0,0;0,0;0,7;0,7;0;0,9;0,736095965
438;Зерно и продукты перемола;2028;импорт;в целом;0,0;0,0;0,9;0,9;0;0,6;1,403508772
439;Прочие;2028;импорт;в целом;0,0;0,0;115,3;115,3;0;46,6;2,473602884
440;Уголь каменный;2029;импорт;в целом;0,0;0,0;11,2;11,2;0;11,7;0,951731196
441;Кокс каменноугольный;2029;импорт;в целом;0,0;0,0;0,2;0,2;0;0,1;1,764705882
442;Нефть и нефтепродукты;2029;импорт;в целом;0,0;0,0;1,4;1,4;0;2,2;0,647482014
443;Руды металлические;2029;импорт;в целом;0,0;0,0;16,8;16,8;0;28,1;0,596887657
444;Черные металлы;2029;импорт;в целом;0,0;0,0;3,2;3,2;0;6,5;0,498146432
445;Лесные грузы;2029;импорт;в целом;0,0;0,0;0,4;0,4;0;0,6;0,742753623
446;Минерально-строительные материалы;2029;импорт;в целом;0,0;0,0;12,8;12,8;0;12,9;0,989684325
447;Химические и минеральные удобрения;2029;импорт;в целом;0,0;0,0;0,7;0,7;0;0,9;0,736095965
448;Зерно и продукты перемола;2029;импорт;в целом;0,0;0,0;0,9;0,9;0;0,6;1,403508772
449;Прочие;2029;импорт;в целом;0,0;0,0;120,6;120,6;0;46,6;2,589063439
450;Уголь каменный;2030;импорт;в целом;0,0;0,0;11,2;11,2;0;11,7;0,955142419
451;Кокс каменноугольный;2030;импорт;в целом;0,0;0,0;0,2;0,2;0;0,1;1,764705882
452;Нефть и нефтепродукты;2030;импорт;в целом;0,0;0,0;1,4;1,4;0;2,2;0,647482014
453;Руды металлические;2030;импорт;в целом;0,0;0,0;15,8;15,8;0;28,1;0,559582179
454;Черные металлы;2030;импорт;в целом;0,0;0,0;3,2;3,2;0;6,5;0,498146432
455;Лесные грузы;2030;импорт;в целом;0,0;0,0;0,4;0,4;0;0,6;0,742753623
456;Минерально-строительные материалы;2030;импорт;в целом;0,0;0,0;12,8;12,8;0;12,9;0,993950206
457;Химические и минеральные удобрения;2030;импорт;в целом;0,0;0,0;0,7;0,7;0;0,9;0,736095965
458;Зерно и продукты перемола;2030;импорт;в целом;0,0;0,0;0,9;0,9;0;0,6;1,403508772
459;Прочие;2030;импорт;в целом;0,0;0,0;126,7;126,7;0;46,6;2,718473689
460;Уголь каменный;2031;импорт;в целом;0,0;0,0;11,2;11,2;0;11,7;0,958553641
461;Кокс каменноугольный;2031;импорт;в целом;0,0;0,0;0,2;0,2;0;0,1;1,764705882
462;Нефть и нефтепродукты;2031;импорт;в целом;0,0;0,0;1,4;1,4;0;2,2;0,647482014
463;Руды металлические;2031;импорт;в целом;0,0;0,0;14,7;14,7;0;28,1;0,5222767
464;Черные металлы;2031;импорт;в целом;0,0;0,0;3,2;3,2;0;6,5;0,498146432
465;Лесные грузы;2031;импорт;в целом;0,0;0,0;0,4;0,4;0;0,6;0,742753623
466;Минерально-строительные материалы;2031;импорт;в целом;0,0;0,0;12,9;12,9;0;12,9;0,998216086
467;Химические и минеральные удобрения;2031;импорт;в целом;0,0;0,0;0,7;0,7;0;0,9;0,736095965
468;Зерно и продукты перемола;2031;импорт;в целом;0,0;0,0;0,9;0,9;0;0,6;1,403508772
469;Прочие;2031;импорт;в целом;0,0;0,0;133,4;133,4;0;46,6;2,862477466
470;Уголь каменный;2032;импорт;в целом;0,0;0,0;11,3;11,3;0;11,7;0,961964864
471;Кокс каменноугольный;2032;импорт;в целом;0,0;0,0;0,2;0,2;0;0,1;1,764705882
472;Нефть и нефтепродукты;2032;импорт;в целом;0,0;0,0;1,4;1,4;0;2,2;0,647482014
473;Руды металлические;2032;импорт;в целом;0,0;0,0;13,7;13,7;0;28,1;0,484971221
474;Черные металлы;2032;импорт;в целом;0,0;0,0;3,2;3,2;0;6,5;0,498146432
475;Лесные грузы;2032;импорт;в целом;0,0;0,0;0,4;0,4;0;0,6;0,742753623
476;Минерально-строительные материалы;2032;импорт;в целом;0,0;0,0;12,9;12,9;0;12,9;1,002481967
477;Химические и минеральные удобрения;2032;импорт;в целом;0,0;0,0;0,7;0,7;0;0,9;0,736095965
478;Зерно и продукты перемола;2032;импорт;в целом;0,0;0,0;0,9;0,9;0;0,6;1,403508772
479;Прочие;2032;импорт;в целом;0,0;0,0;140,8;140,8;0;46,6;3,021718602
480;Уголь каменный;2033;импорт;в целом;0,0;0,0;11,3;11,3;0;11,7;0,965376087
481;Кокс каменноугольный;2033;импорт;в целом;0,0;0,0;0,2;0,2;0;0,1;1,764705882
482;Нефть и нефтепродукты;2033;импорт;в целом;0,0;0,0;1,4;1,4;0;2,2;0,647482014
483;Руды металлические;2033;импорт;в целом;0,0;0,0;12,6;12,6;0;28,1;0,447665743
484;Черные металлы;2033;импорт;в целом;0,0;0,0;3,2;3,2;0;6,5;0,498146432
485;Лесные грузы;2033;импорт;в целом;0,0;0,0;0,4;0,4;0;0,6;0,742753623
486;Минерально-строительные материалы;2033;импорт;в целом;0,0;0,0;13,0;13,0;0;12,9;1,006747848
487;Химические и минеральные удобрения;2033;импорт;в целом;0,0;0,0;0,7;0,7;0;0,9;0,736095965
488;Зерно и продукты перемола;2033;импорт;в целом;0,0;0,0;0,9;0,9;0;0,6;1,403508772
489;Прочие;2033;импорт;в целом;0,0;0,0;150,9;150,9;0;46,6;3,237509657
490;Уголь каменный;2034;импорт;в целом;0,0;0,0;11,4;11,4;0;11,7;0,96878731
491;Кокс каменноугольный;2034;импорт;в целом;0,0;0,0;0,2;0,2;0;0,1;1,764705882
492;Нефть и нефтепродукты;2034;импорт;в целом;0,0;0,0;1,4;1,4;0;2,2;0,647482014
493;Руды металлические;2034;импорт;в целом;0,0;0,0;11,6;11,6;0;28,1;0,410360264
494;Черные металлы;2034;импорт;в целом;0,0;0,0;3,2;3,2;0;6,5;0,498146432
495;Лесные грузы;2034;импорт;в целом;0,0;0,0;0,4;0,4;0;0,6;0,742753623
496;Минерально-строительные материалы;2034;импорт;в целом;0,0;0,0;13,0;13,0;0;12,9;1,011013728
497;Химические и минеральные удобрения;2034;импорт;в целом;0,0;0,0;0,7;0,7;0;0,9;0,736095965
498;Зерно и продукты перемола;2034;импорт;в целом;0,0;0,0;0,9;0,9;0;0,6;1,403508772
499;Прочие;2034;импорт;в целом;0,0;0,0;163,2;163,2;0;46,6;3,502768478
500;Уголь каменный;2035;импорт;в целом;0,0;0,0;11,4;11,4;0;11,7;0,972198533
501;Кокс каменноугольный;2035;импорт;в целом;0,0;0,0;0,2;0,2;0;0,1;1,764705882
502;Нефть и нефтепродукты;2035;импорт;в целом;0,0;0,0;1,4;1,4;0;2,2;0,647482014
503;Руды металлические;2035;импорт;в целом;0,0;0,0;10,5;10,5;0;28,1;0,373054786
504;Черные металлы;2035;импорт;в целом;0,0;0,0;3,2;3,2;0;6,5;0,498146432
505;Лесные грузы;2035;импорт;в целом;0,0;0,0;0,4;0,4;0;0,6;0,742753623
506;Минерально-строительные материалы;2035;импорт;в целом;0,0;0,0;13,1;13,1;0;12,9;1,015279609
507;Химические и минеральные удобрения;2035;импорт;в целом;0,0;0,0;0,7;0,7;0;0,9;0,736095965
508;Зерно и продукты перемола;2035;импорт;в целом;0,0;0,0;0,9;0,9;0;0,6;1,403508772
509;Прочие;2035;импорт;в целом;0,0;0,0;173,7;173,7;0;46,6;3,728646236
510;Уголь каменный;2019;транзит;в целом;0,0;0,0;19,2;19,2;0;19,2;1
511;Кокс каменноугольный;2019;транзит;в целом;0,0;0,0;0,0;0,0;0;0,0;1
512;Нефть и нефтепродукты;2019;транзит;в целом;0,0;0,0;5,5;5,5;0;5,5;1
513;Руды металлические;2019;транзит;в целом;0,0;0,0;0,6;0,6;0;0,6;1
514;Черные металлы;2019;транзит;в целом;0,0;0,0;7,6;7,6;0;7,6;1
515;Лесные грузы;2019;транзит;в целом;0,0;0,0;0,7;0,7;0;0,7;1
516;Минерально-строительные материалы;2019;транзит;в целом;0,0;0,0;0,7;0,7;0;0,7;1
517;Химические и минеральные удобрения;2019;транзит;в целом;0,0;0,0;0,8;0,8;0;0,8;1
518;Зерно и продукты перемола;2019;транзит;в целом;0,0;0,0;2,3;2,3;0;2,3;1
519;Прочие;2019;транзит;в целом;0,0;0,0;28,7;28,7;0;28,7;1
520;Уголь каменный;2020;транзит;в целом;0,0;0,0;13,1;13,1;0;19,2;0,685708811
521;Кокс каменноугольный;2020;транзит;в целом;0,0;0,0;0,0;0,0;0;0,0;1,7438605
522;Нефть и нефтепродукты;2020;транзит;в целом;0,0;0,0;4,3;4,3;0;5,5;0,769718948
523;Руды металлические;2020;транзит;в целом;0,0;0,0;0,7;0,7;0;0,6;1,244056057
524;Черные металлы;2020;транзит;в целом;0,0;0,0;8,6;8,6;0;7,6;1,130724845
525;Лесные грузы;2020;транзит;в целом;0,0;0,0;1,5;1,5;0;0,7;2,154636152
526;Минерально-строительные материалы;2020;транзит;в целом;0,0;0,0;0,7;0,7;0;0,7;0,952528242
527;Химические и минеральные удобрения;2020;транзит;в целом;0,0;0,0;0,9;0,9;0;0,8;1,204180232
528;Зерно и продукты перемола;2020;транзит;в целом;0,0;0,0;0,9;0,9;0;2,3;0,402551043
529;Прочие;2020;транзит;в целом;0,0;0,0;32,4;32,4;0;28,7;1,126069401
530;Уголь каменный;2021;транзит;в целом;0,0;0,0;18,9;18,9;0;19,2;0,985193263
531;Кокс каменноугольный;2021;транзит;в целом;0,0;0,0;0,1;0,1;0;0,0;5,178957182
532;Нефть и нефтепродукты;2021;транзит;в целом;0,0;0,0;6,1;6,1;0;5,5;1,105342665
533;Руды металлические;2021;транзит;в целом;0,0;0,0;0,8;0,8;0;0,6;1,321483103
534;Черные металлы;2021;транзит;в целом;0,0;0,0;10,2;10,2;0;7,6;1,34747539
535;Лесные грузы;2021;транзит;в целом;0,0;0,0;2,2;2,2;0;0,7;3,077570291
536;Минерально-строительные материалы;2021;транзит;в целом;0,0;0,0;1,1;1,1;0;0,7;1,449906766
537;Химические и минеральные удобрения;2021;транзит;в целом;0,0;0,0;1,1;1,1;0;0,8;1,524728768
538;Зерно и продукты перемола;2021;транзит;в целом;0,0;0,0;1,2;1,2;0;2,3;0,522490229
539;Прочие;2021;транзит;в целом;0,0;0,0;46,3;46,3;0;28,7;1,611263414
540;Уголь каменный;2022;транзит;в целом;0,0;0,0;25,4;25,4;0;19,2;1,323654219
541;Кокс каменноугольный;2022;транзит;в целом;0,0;0,0;0,0;0,0;0;0,0;0,156545455
542;Нефть и нефтепродукты;2022;транзит;в целом;0,0;0,0;7,6;7,6;0;5,5;1,375544549
543;Руды металлические;2022;транзит;в целом;0,0;0,0;0,5;0,5;0;0,6;0,945836522
544;Черные металлы;2022;транзит;в целом;0,0;0,0;7,9;7,9;0;7,6;1,038676179
545;Лесные грузы;2022;транзит;в целом;0,0;0,0;4,0;4,0;0;0,7;5,513043175
546;Минерально-строительные материалы;2022;транзит;в целом;0,0;0,0;0,7;0,7;0;0,7;0,976906417
547;Химические и минеральные удобрения;2022;транзит;в целом;0,0;0,0;8,1;8,1;0;0,8;10,80642743
548;Зерно и продукты перемола;2022;транзит;в целом;0,0;0,0;1,7;1,7;0;2,3;0,732693878
549;Прочие;2022;транзит;в целом;0,0;0,0;35,5;35,5;0;28,7;1,234654917
550;Уголь каменный;2023;транзит;в целом;0,0;0,0;27,1;27,1;0;19,2;1,413372275
551;Кокс каменноугольный;2023;транзит;в целом;0,0;0,0;0,0;0,0;0;0,0;0,073181818
552;Нефть и нефтепродукты;2023;транзит;в целом;0,0;0,0;8,2;8,2;0;5,5;1,484695762
553;Руды металлические;2023;транзит;в целом;0,0;0,0;0,6;0,6;0;0,6;1,12173913
554;Черные металлы;2023;транзит;в целом;0,0;0,0;7,4;7,4;0;7,6;0,973047959
555;Лесные грузы;2023;транзит;в целом;0,0;0,0;3,4;3,4;0;0,7;4,798050139
556;Минерально-строительные материалы;2023;транзит;в целом;0,0;0,0;0,3;0,3;0;0,7;0,348328877
557;Химические и минеральные удобрения;2023;транзит;в целом;0,0;0,0;6,0;6,0;0;0,8;8,002663116
558;Зерно и продукты перемола;2023;транзит;в целом;0,0;0,0;2,8;2,8;0;2,3;1,233174121
559;Прочие;2023;транзит;в целом;0,0;0,0;36,4;36,4;0;28,7;1,264997564
560;Уголь каменный;2024;транзит;в целом;0,0;0,0;27,1;27,1;0;19,2;1,414415354
561;Кокс каменноугольный;2024;транзит;в целом;0,0;0,0;0,0;0,0;0;0,0;0,076363636
562;Нефть и нефтепродукты;2024;транзит;в целом;0,0;0,0;8,6;8,6;0;5,5;1,561934082
563;Руды металлические;2024;транзит;в целом;0,0;0,0;1,1;1,1;0;0,6;1,839130435
564;Черные металлы;2024;транзит;в целом;0,0;0,0;9,3;9,3;0;7,6;1,232395297
565;Лесные грузы;2024;транзит;в целом;0,0;0,0;4,0;4,0;0;0,7;5,561281337
566;Минерально-строительные материалы;2024;транзит;в целом;0,0;0,0;0,8;0,8;0;0,7;1,032085561
567;Химические и минеральные удобрения;2024;транзит;в целом;0,0;0,0;7,5;7,5;0;0,8;9,986684421
568;Зерно и продукты перемола;2024;транзит;в целом;0,0;0,0;3,1;3,1;0;2,3;1,324359531
569;Прочие;2024;транзит;в целом;0,0;0,0;40,1;40,1;0;28,7;1,394669079
570;Уголь каменный;2025;транзит;в целом;0,0;0,0;27,1;27,1;0;19,2;1,414415354
571;Кокс каменноугольный;2025;транзит;в целом;0,0;0,0;0,0;0,0;0;0,0;0,076363636
572;Нефть и нефтепродукты;2025;транзит;в целом;0,0;0,0;9,1;9,1;0;5,5;1,645237233
573;Руды металлические;2025;транзит;в целом;0,0;0,0;1,3;1,3;0;0,6;2,206956522
574;Черные металлы;2025;транзит;в целом;0,0;0,0;10,2;10,2;0;7,6;1,348659004
575;Лесные грузы;2025;транзит;в целом;0,0;0,0;4,4;4,4;0;0,7;6,066852368
576;Минерально-строительные материалы;2025;транзит;в целом;0,0;0,0;0,8;0,8;0;0,7;1,032085561
577;Химические и минеральные удобрения;2025;транзит;в целом;0,0;0,0;9,8;9,8;0;0,8;13,04926764
578;Зерно и продукты перемола;2025;транзит;в целом;0,0;0,0;3,1;3,1;0;2,3;1,324359531
579;Прочие;2025;транзит;в целом;0,0;0,0;42,5;42,5;0;28,7;1,478234393
580;Уголь каменный;2026;транзит;в целом;0,0;0,0;27,1;27,1;0;19,2;1,414415354
581;Кокс каменноугольный;2026;транзит;в целом;0,0;0,0;0,0;0,0;0;0,0;0,076363636
582;Нефть и нефтепродукты;2026;транзит;в целом;0,0;0,0;9,5;9,5;0;5,5;1,728540384
583;Руды металлические;2026;транзит;в целом;0,0;0,0;1,5;1,5;0;0,6;2,574782609
584;Черные металлы;2026;транзит;в целом;0,0;0,0;10,6;10,6;0;7,6;1,395164487
585;Лесные грузы;2026;транзит;в целом;0,0;0,0;4,7;4,7;0;0,7;6,572423398
586;Минерально-строительные материалы;2026;транзит;в целом;0,0;0,0;0,8;0,8;0;0,7;1,032085561
587;Химические и минеральные удобрения;2026;транзит;в целом;0,0;0,0;11,3;11,3;0;0,8;14,98002663
588;Зерно и продукты перемола;2026;транзит;в целом;0,0;0,0;3,1;3,1;0;2,3;1,324359531
589;Прочие;2026;транзит;в целом;0,0;0,0;44,2;44,2;0;28,7;1,538729209
590;Уголь каменный;2027;транзит;в целом;0,0;0,0;27,1;27,1;0;19,2;1,414415354
591;Кокс каменноугольный;2027;транзит;в целом;0,0;0,0;0,0;0,0;0;0,0;0,076363636
592;Нефть и нефтепродукты;2027;транзит;в целом;0,0;0,0;10,0;10,0;0;5,5;1,811843535
593;Руды металлические;2027;транзит;в целом;0,0;0,0;1,8;1,8;0;0,6;3,126521739
594;Черные металлы;2027;транзит;в целом;0,0;0,0;10,8;10,8;0;7,6;1,430043599
595;Лесные грузы;2027;транзит;в целом;0,0;0,0;5,1;5,1;0;0,7;7,077994429
596;Минерально-строительные материалы;2027;транзит;в целом;0,0;0,0;0,8;0,8;0;0,7;1,032085561
597;Химические и минеральные удобрения;2027;транзит;в целом;0,0;0,0;12,6;12,6;0;0,8;16,77762983
598;Зерно и продукты перемола;2027;транзит;в целом;0,0;0,0;3,1;3,1;0;2,3;1,324359531
599;Прочие;2027;транзит;в целом;0,0;0,0;45,6;45,6;0;28,7;1,587723572
600;Уголь каменный;2028;транзит;в целом;0,0;0,0;27,1;27,1;0;19,2;1,414415354
601;Кокс каменноугольный;2028;транзит;в целом;0,0;0,0;0,0;0,0;0;0,0;0,076363636
602;Нефть и нефтепродукты;2028;транзит;в целом;0,0;0,0;10,5;10,5;0;5,5;1,895146686
603;Руды металлические;2028;транзит;в целом;0,0;0,0;2,1;2,1;0;0,6;3,67826087
604;Черные металлы;2028;транзит;в целом;0,0;0,0;11,1;11,1;0;7,6;1,464922711
605;Лесные грузы;2028;транзит;в целом;0,0;0,0;5,4;5,4;0;0,7;7,58356546
606;Минерально-строительные материалы;2028;транзит;в целом;0,0;0,0;0,8;0,8;0;0,7;1,032085561
607;Химические и минеральные удобрения;2028;транзит;в целом;0,0;0,0;12,6;12,6;0;0,8;16,77762983
608;Зерно и продукты перемола;2028;транзит;в целом;0,0;0,0;3,1;3,1;0;2,3;1,324359531
609;Прочие;2028;транзит;в целом;0,0;0,0;47,0;47,0;0;28,7;1,636857123
610;Уголь каменный;2029;транзит;в целом;0,0;0,0;27,1;27,1;0;19,2;1,414415354
611;Кокс каменноугольный;2029;транзит;в целом;0,0;0,0;0,0;0,0;0;0,0;0,076363636
612;Нефть и нефтепродукты;2029;транзит;в целом;0,0;0,0;10,8;10,8;0;5,5;1,957624049
613;Руды металлические;2029;транзит;в целом;0,0;0,0;2,1;2,1;0;0,6;3,67826087
614;Черные металлы;2029;транзит;в целом;0,0;0,0;11,4;11,4;0;7,6;1,499801823
615;Лесные грузы;2029;транзит;в целом;0,0;0,0;5,4;5,4;0;0,7;7,58356546
616;Минерально-строительные материалы;2029;транзит;в целом;0,0;0,0;0,8;0,8;0;0,7;1,032085561
617;Химические и минеральные удобрения;2029;транзит;в целом;0,0;0,0;12,6;12,6;0;0,8;16,77762983
618;Зерно и продукты перемола;2029;транзит;в целом;0,0;0,0;3,1;3,1;0;2,3;1,324359531
619;Прочие;2029;транзит;в целом;0,0;0,0;48,5;48,5;0;28,7;1,686129863
620;Уголь каменный;2030;транзит;в целом;0,0;0,0;27,1;27,1;0;19,2;1,414415354
621;Кокс каменноугольный;2030;транзит;в целом;0,0;0,0;0,0;0,0;0;0,0;0,076363636
622;Нефть и нефтепродукты;2030;транзит;в целом;0,0;0,0;11,2;11,2;0;5,5;2,020101413
623;Руды металлические;2030;транзит;в целом;0,0;0,0;2,1;2,1;0;0,6;3,67826087
624;Черные металлы;2030;транзит;в целом;0,0;0,0;11,6;11,6;0;7,6;1,534680935
625;Лесные грузы;2030;транзит;в целом;0,0;0,0;5,4;5,4;0;0,7;7,58356546
626;Минерально-строительные материалы;2030;транзит;в целом;0,0;0,0;0,8;0,8;0;0,7;1,032085561
627;Химические и минеральные удобрения;2030;транзит;в целом;0,0;0,0;12,6;12,6;0;0,8;16,77762983
628;Зерно и продукты перемола;2030;транзит;в целом;0,0;0,0;3,1;3,1;0;2,3;1,324359531
629;Прочие;2030;транзит;в целом;0,0;0,0;50,2;50,2;0;28,7;1,747268425
630;Уголь каменный;2031;транзит;в целом;0,0;0,0;27,1;27,1;0;19,2;1,414415354
631;Кокс каменноугольный;2031;транзит;в целом;0,0;0,0;0,0;0,0;0;0,0;0,076363636
632;Нефть и нефтепродукты;2031;транзит;в целом;0,0;0,0;11,5;11,5;0;5,5;2,082578776
633;Руды металлические;2031;транзит;в целом;0,0;0,0;2,1;2,1;0;0,6;3,67826087
634;Черные металлы;2031;транзит;в целом;0,0;0,0;11,9;11,9;0;7,6;1,569560048
635;Лесные грузы;2031;транзит;в целом;0,0;0,0;5,4;5,4;0;0,7;7,58356546
636;Минерально-строительные материалы;2031;транзит;в целом;0,0;0,0;0,8;0,8;0;0,7;1,032085561
637;Химические и минеральные удобрения;2031;транзит;в целом;0,0;0,0;12,6;12,6;0;0,8;16,77762983
638;Зерно и продукты перемола;2031;транзит;в целом;0,0;0,0;3,1;3,1;0;2,3;1,324359531
639;Прочие;2031;транзит;в целом;0,0;0,0;52,0;52,0;0;28,7;1,808580973
640;Уголь каменный;2032;транзит;в целом;0,0;0,0;27,1;27,1;0;19,2;1,414415354
641;Кокс каменноугольный;2032;транзит;в целом;0,0;0,0;0,0;0,0;0;0,0;0,076363636
642;Нефть и нефтепродукты;2032;транзит;в целом;0,0;0,0;11,8;11,8;0;5,5;2,145056139
643;Руды металлические;2032;транзит;в целом;0,0;0,0;2,1;2,1;0;0,6;3,67826087
644;Черные металлы;2032;транзит;в целом;0,0;0,0;12,1;12,1;0;7,6;1,598625974
645;Лесные грузы;2032;транзит;в целом;0,0;0,0;5,4;5,4;0;0,7;7,58356546
646;Минерально-строительные материалы;2032;транзит;в целом;0,0;0,0;0,8;0,8;0;0,7;1,032085561
647;Химические и минеральные удобрения;2032;транзит;в целом;0,0;0,0;12,6;12,6;0;0,8;16,77762983
648;Зерно и продукты перемола;2032;транзит;в целом;0,0;0,0;3,1;3,1;0;2,3;1,324359531
649;Прочие;2032;транзит;в целом;0,0;0,0;53,7;53,7;0;28,7;1,870067506
650;Уголь каменный;2033;транзит;в целом;0,0;0,0;27,1;27,1;0;19,2;1,414415354
651;Кокс каменноугольный;2033;транзит;в целом;0,0;0,0;0,0;0,0;0;0,0;0,076363636
652;Нефть и нефтепродукты;2033;транзит;в целом;0,0;0,0;12,2;12,2;0;5,5;2,207533502
653;Руды металлические;2033;транзит;в целом;0,0;0,0;2,1;2,1;0;0,6;3,67826087
654;Черные металлы;2033;транзит;в целом;0,0;0,0;12,3;12,3;0;7,6;1,627691901
655;Лесные грузы;2033;транзит;в целом;0,0;0,0;5,4;5,4;0;0,7;7,58356546
656;Минерально-строительные материалы;2033;транзит;в целом;0,0;0,0;0,8;0,8;0;0,7;1,032085561
657;Химические и минеральные удобрения;2033;транзит;в целом;0,0;0,0;12,6;12,6;0;0,8;16,77762983
658;Зерно и продукты перемола;2033;транзит;в целом;0,0;0,0;3,1;3,1;0;2,3;1,324359531
659;Прочие;2033;транзит;в целом;0,0;0,0;55,5;55,5;0;28,7;1,931728026
660;Уголь каменный;2034;транзит;в целом;0,0;0,0;27,1;27,1;0;19,2;1,414415354
661;Кокс каменноугольный;2034;транзит;в целом;0,0;0,0;0,0;0,0;0;0,0;0,076363636
662;Нефть и нефтепродукты;2034;транзит;в целом;0,0;0,0;12,5;12,5;0;5,5;2,270010866
663;Руды металлические;2034;транзит;в целом;0,0;0,0;2,1;2,1;0;0,6;3,67826087
664;Черные металлы;2034;транзит;в целом;0,0;0,0;12,5;12,5;0;7,6;1,656757828
665;Лесные грузы;2034;транзит;в целом;0,0;0,0;5,4;5,4;0;0,7;7,58356546
666;Минерально-строительные материалы;2034;транзит;в целом;0,0;0,0;0,8;0,8;0;0,7;1,032085561
667;Химические и минеральные удобрения;2034;транзит;в целом;0,0;0,0;12,6;12,6;0;0,8;16,77762983
668;Зерно и продукты перемола;2034;транзит;в целом;0,0;0,0;3,1;3,1;0;2,3;1,324359531
669;Прочие;2034;транзит;в целом;0,0;0,0;57,3;57,3;0;28,7;1,99356253
670;Уголь каменный;2035;транзит;в целом;0,0;0,0;27,1;27,1;0;19,2;1,414415354
671;Кокс каменноугольный;2035;транзит;в целом;0,0;0,0;0,0;0,0;0;0,0;0,076363636
672;Нефть и нефтепродукты;2035;транзит;в целом;0,0;0,0;12,9;12,9;0;5,5;2,332488229
673;Руды металлические;2035;транзит;в целом;0,0;0,0;2,1;2,1;0;0,6;3,67826087
674;Черные металлы;2035;транзит;в целом;0,0;0,0;12,8;12,8;0;7,6;1,685823755
675;Лесные грузы;2035;транзит;в целом;0,0;0,0;5,4;5,4;0;0,7;7,58356546
676;Минерально-строительные материалы;2035;транзит;в целом;0,0;0,0;0,8;0,8;0;0,7;1,032085561
677;Химические и минеральные удобрения;2035;транзит;в целом;0,0;0,0;12,6;12,6;0;0,8;16,77762983
678;Зерно и продукты перемола;2035;транзит;в целом;0,0;0,0;3,1;3,1;0;2,3;1,324359531
679;Прочие;2035;транзит;в целом;0,0;0,0;59,1;59,1;0;28,7;2,055571021
680;Грузы на своих осях;2019;внутрироссийское;в целом;0,0;0,0;297,8;297,8;0;297,8;1
681;Грузы на своих осях;2020;внутрироссийское;в целом;0,0;0,0;285,1;285,1;0;297,8;0,957284284
682;Грузы на своих осях;2021;внутрироссийское;в целом;0,0;0,0;282,8;282,8;0;297,8;0,949518612
683;Грузы на своих осях;2022;внутрироссийское;в целом;0,0;0,0;298,5;298,5;0;297,8;1,002451133
684;Грузы на своих осях;2023;внутрироссийское;в целом;0,0;0,0;264,3;264,3;0;297,8;0,887538023
685;Грузы на своих осях;2024;внутрироссийское;в целом;0,0;0,0;264,8;264,8;0;297,8;0,889309299
686;Грузы на своих осях;2025;внутрироссийское;в целом;0,0;0,0;267,8;267,8;0;297,8;0,899239667
687;Грузы на своих осях;2026;внутрироссийское;в целом;0,0;0,0;276,1;276,1;0;297,8;0,927172785
688;Грузы на своих осях;2027;внутрироссийское;в целом;0,0;0,0;278,6;278,6;0;297,8;0,935581047
689;Грузы на своих осях;2028;внутрироссийское;в целом;0,0;0,0;280,8;280,8;0;297,8;0,942725851
690;Грузы на своих осях;2029;внутрироссийское;в целом;0,0;0,0;282,8;282,8;0;297,8;0,949745471
691;Грузы на своих осях;2030;внутрироссийское;в целом;0,0;0,0;284,4;284,4;0;297,8;0,954891343
692;Грузы на своих осях;2031;внутрироссийское;в целом;0,0;0,0;285,7;285,7;0;297,8;0,959390489
693;Грузы на своих осях;2032;внутрироссийское;в целом;0,0;0,0;287,0;287,0;0;297,8;0,96369599
694;Грузы на своих осях;2033;внутрироссийское;в целом;0,0;0,0;288,2;288,2;0;297,8;0,967819112
695;Грузы на своих осях;2034;внутрироссийское;в целом;0,0;0,0;289,4;289,4;0;297,8;0,971755478
696;Грузы на своих осях;2035;внутрироссийское;в целом;0,0;0,0;290,5;290,5;0;297,8;0,97549608
697;Грузы на своих осях;2019;экспорт;в целом;0,0;0,0;11,3;11,3;0;11,3;1
698;Грузы на своих осях;2020;экспорт;в целом;0,0;0,0;8,3;8,3;0;11,3;0,736893615
699;Грузы на своих осях;2021;экспорт;в целом;0,0;0,0;10,4;10,4;0;11,3;0,920667483
700;Грузы на своих осях;2022;экспорт;в целом;0,0;0,0;12,4;12,4;0;11,3;1,097226392
701;Грузы на своих осях;2023;экспорт;в целом;0,0;0,0;8,6;8,6;0;11,3;0,763674982
702;Грузы на своих осях;2024;экспорт;в целом;0,0;0,0;8,5;8,5;0;11,3;0,751486486
703;Грузы на своих осях;2025;экспорт;в целом;0,0;0,0;8,7;8,7;0;11,3;0,765468721
704;Грузы на своих осях;2026;экспорт;в целом;0,0;0,0;10,6;10,6;0;11,3;0,939764149
705;Грузы на своих осях;2027;экспорт;в целом;0,0;0,0;10,8;10,8;0;11,3;0,955292006
706;Грузы на своих осях;2028;экспорт;в целом;0,0;0,0;11,0;11,0;0;11,3;0,974359834
707;Грузы на своих осях;2029;экспорт;в целом;0,0;0,0;11,3;11,3;0;11,3;1,000685798
708;Грузы на своих осях;2030;экспорт;в целом;0,0;0,0;11,7;11,7;0;11,3;1,030878935
709;Грузы на своих осях;2031;экспорт;в целом;0,0;0,0;12,0;12,0;0;11,3;1,065117616
710;Грузы на своих осях;2032;экспорт;в целом;0,0;0,0;12,5;12,5;0;11,3;1,103580386
711;Грузы на своих осях;2033;экспорт;в целом;0,0;0,0;13,1;13,1;0;11,3;1,157719667
712;Грузы на своих осях;2034;экспорт;в целом;0,0;0,0;13,9;13,9;0;11,3;1,225572427
713;Грузы на своих осях;2035;экспорт;в целом;0,0;0,0;14,5;14,5;0;11,3;1,282507959
714;Грузы на своих осях;2019;импорт;в целом;0,0;0,0;385,9;385,9;0;385,9;1
715;Грузы на своих осях;2020;импорт;в целом;0,0;0,0;374,6;374,6;0;385,9;0,970705403
716;Грузы на своих осях;2021;импорт;в целом;0,0;0,0;379,4;379,4;0;385,9;0,98307612
717;Грузы на своих осях;2022;импорт;в целом;0,0;0,0;342,3;342,3;0;385,9;0,887088675
718;Грузы на своих осях;2023;импорт;в целом;0,0;0,0;331,6;331,6;0;385,9;0,859368076
719;Грузы на своих осях;2024;импорт;в целом;0,0;0,0;357,8;357,8;0;385,9;0,92700554
720;Грузы на своих осях;2025;импорт;в целом;0,0;0,0;383,2;383,2;0;385,9;0,992889618
721;Грузы на своих осях;2026;импорт;в целом;0,0;0,0;414,3;414,3;0;385,9;1,073648267
722;Грузы на своих осях;2027;импорт;в целом;0,0;0,0;430,2;430,2;0;385,9;1,114731402
723;Грузы на своих осях;2028;импорт;в целом;0,0;0,0;437,0;437,0;0;385,9;1,132284088
724;Грузы на своих осях;2029;импорт;в целом;0,0;0,0;454,4;454,4;0;385,9;1,177347696
725;Грузы на своих осях;2030;импорт;в целом;0,0;0,0;471,5;471,5;0;385,9;1,221643659
726;Грузы на своих осях;2031;импорт;в целом;0,0;0,0;478,2;478,2;0;385,9;1,239064547
727;Грузы на своих осях;2032;импорт;в целом;0,0;0,0;512,0;512,0;0;385,9;1,326730197
728;Грузы на своих осях;2033;импорт;в целом;0,0;0,0;514,6;514,6;0;385,9;1,333435421
729;Грузы на своих осях;2034;импорт;в целом;0,0;0,0;517,0;517,0;0;385,9;1,339570388
730;Грузы на своих осях;2035;импорт;в целом;0,0;0,0;519,8;519,8;0;385,9;1,347010139
731;Грузы на своих осях;2019;транзит;в целом;0,0;0,0;8,0;8,0;0;8,0;1
732;Грузы на своих осях;2020;транзит;в целом;0,0;0,0;8,1;8,1;0;8,0;1,01594148
733;Грузы на своих осях;2021;транзит;в целом;0,0;0,0;9,2;9,2;0;8,0;1,151097336
734;Грузы на своих осях;2022;транзит;в целом;0,0;0,0;11,1;11,1;0;8,0;1,387120905
735;Грузы на своих осях;2023;транзит;в целом;0,0;0,0;10,8;10,8;0;8,0;1,356511878
736;Грузы на своих осях;2024;транзит;в целом;0,0;0,0;11,4;11,4;0;8,0;1,42118947
737;Грузы на своих осях;2025;транзит;в целом;0,0;0,0;11,7;11,7;0;8,0;1,46838699
738;Грузы на своих осях;2026;транзит;в целом;0,0;0,0;12,0;12,0;0;8,0;1,506148559
739;Грузы на своих осях;2027;транзит;в целом;0,0;0,0;12,4;12,4;0;8,0;1,5461472
740;Грузы на своих осях;2028;транзит;в целом;0,0;0,0;12,5;12,5;0;8,0;1,56756781
741;Грузы на своих осях;2029;транзит;в целом;0,0;0,0;12,6;12,6;0;8,0;1,578146675
742;Грузы на своих осях;2030;транзит;в целом;0,0;0,0;12,7;12,7;0;8,0;1,592734129
743;Грузы на своих осях;2031;транзит;в целом;0,0;0,0;12,9;12,9;0;8,0;1,606935555
744;Грузы на своих осях;2032;транзит;в целом;0,0;0,0;13,0;13,0;0;8,0;1,620203055
745;Грузы на своих осях;2033;транзит;в целом;0,0;0,0;13,1;13,1;0;8,0;1,633106783
746;Грузы на своих осях;2034;транзит;в целом;0,0;0,0;13,2;13,2;0;8,0;1,645652064
747;Грузы на своих осях;2035;транзит;в целом;0,0;0,0;13,3;13,3;0;8,0;1,657844162
748;Уголь каменный;2019;общий уровень;в целом;372,0;372,0;1149,8;1149,8;2847,6;1149,8;1
749;Кокс каменноугольный;2019;общий уровень;в целом;10,8;10,8;25,9;25,9;2371,3;25,9;1
750;Нефть и нефтепродукты;2019;общий уровень;в целом;232,0;232,0;387,8;387,8;1602,9;387,8;1
751;Руды металлические;2019;общий уровень;в целом;139,8;139,8;166,2;166,2;1056,1;166,2;1
752;Черные металлы;2019;общий уровень;в целом;73,8;73,8;151,1;151,1;1632,8;151,1;1
753;Лесные грузы;2019;общий уровень;в целом;42,0;42,0;75,7;75,7;1519,8;75,7;1
754;Минерально-строительные материалы;2019;общий уровень;в целом;193,6;193,6;206,9;206,9;890,1;206,9;1
755;Химические и минеральные удобрения;2019;общий уровень;в целом;60,5;60,5;99,3;99,3;1580,6;99,3;1
756;Зерно и продукты перемола;2019;общий уровень;в целом;24,1;24,1;47,7;47,7;1816,2;47,7;1
757;Прочие;2019;общий уровень;в целом;129,6;129,6;291,6;291,6;2289,7;291,6;1
758;Грузы на своих осях;2019;общий уровень;в целом;0,0;0,0;703,0;703,0;0,0;703,0;1
759;Уголь каменный;2020;общий уровень;в целом;353,3;353,3;1094,6;1094,6;2843,8;1149,8;0,951974906
760;Кокс каменноугольный;2020;общий уровень;в целом;11,2;11,2;27,0;27,0;2388,9;25,9;1,041250357
761;Нефть и нефтепродукты;2020;общий уровень;в целом;208,8;208,8;349,2;349,2;1603,8;387,8;0,900290615
762;Руды металлические;2020;общий уровень;в целом;139,6;139,6;164,9;164,9;1055,0;166,2;0,99222426
763;Черные металлы;2020;общий уровень;в целом;66,4;66,4;154,7;154,7;1792,4;151,1;1,023784189
764;Лесные грузы;2020;общий уровень;в целом;40,7;40,7;75,1;75,1;1526,7;75,7;0,992417102
765;Минерально-строительные материалы;2020;общий уровень;в целом;197,6;197,6;210,7;210,7;896,4;206,9;1,018415347
766;Химические и минеральные удобрения;2020;общий уровень;в целом;62,7;62,7;109,0;109,0;1677,6;99,3;1,097857597
767;Зерно и продукты перемола;2020;общий уровень;в целом;30,3;30,3;51,4;51,4;1640,1;47,7;1,078042821
768;Прочие;2020;общий уровень;в целом;132,9;132,9;308,3;308,3;2389,1;291,6;1,057445113
769;Грузы на своих осях;2020;общий уровень;в целом;0,0;0,0;676,2;676,2;0,0;703,0;0,961774057
770;Уголь каменный;2021;общий уровень;в целом;371,7;371,7;1137,1;1137,1;2825,3;1149,8;0,98887129
771;Кокс каменноугольный;2021;общий уровень;в целом;12,0;12,0;28,5;28,5;2348,5;25,9;1,099304752
772;Нефть и нефтепродукты;2021;общий уровень;в целом;217,5;217,5;350,8;350,8;1545,9;387,8;0,904569762
773;Руды металлические;2021;общий уровень;в целом;139,7;139,7;158,9;158,9;1009,4;166,2;0,956399263
774;Черные металлы;2021;общий уровень;в целом;69,3;69,3;156,4;156,4;1756,8;151,1;1,035620677
775;Лесные грузы;2021;общий уровень;в целом;41,8;41,8;79,7;79,7;1571,5;75,7;1,05366483
776;Минерально-строительные материалы;2021;общий уровень;в целом;196,3;196,3;213,4;213,4;926,7;206,9;1,031369262
777;Химические и минеральные удобрения;2021;общий уровень;в целом;65,0;65,0;112,2;112,2;1653,5;99,3;1,130110113
778;Зерно и продукты перемола;2021;общий уровень;в целом;27,7;27,7;49,7;49,7;1681,9;47,7;1,041938364
779;Прочие;2021;общий уровень;в целом;142,0;142,0;351,9;351,9;2547,5;291,6;1,20669452
780;Грузы на своих осях;2021;общий уровень;в целом;0,0;0,0;681,8;681,8;0,0;703,0;0,969768716
781;Уголь каменный;2022;общий уровень;в целом;354,4;354,4;1070,2;1070,2;2764,7;1149,8;0,930724555
782;Кокс каменноугольный;2022;общий уровень;в целом;10,1;10,1;25,7;25,7;2502,4;25,9;0,992442495
783;Нефть и нефтепродукты;2022;общий уровень;в целом;216,0;216,0;369,5;369,5;1615,3;387,8;0,95265275
784;Руды металлические;2022;общий уровень;в целом;133,2;133,2;166,5;166,5;1147,9;166,2;1,00167221
785;Черные металлы;2022;общий уровень;в целом;66,3;66,3;156,9;156,9;1846,7;151,1;1,038503052
786;Лесные грузы;2022;общий уровень;в целом;31,4;31,4;72,8;72,8;1786,5;75,7;0,962643849
787;Минерально-строительные материалы;2022;общий уровень;в целом;197,3;197,3;237,1;237,1;1030,3;206,9;1,146071857
788;Химические и минеральные удобрения;2022;общий уровень;в целом;60,5;60,5;113,3;113,3;1684,1;99,3;1,141561386
789;Зерно и продукты перемола;2022;общий уровень;в целом;26,8;26,8;47,8;47,8;1668,0;47,7;1,002129561
790;Прочие;2022;общий уровень;в целом;138,3;138,3;376,8;376,8;2845,7;291,6;1,292221251
791;Грузы на своих осях;2022;общий уровень;в целом;0,0;0,0;664,4;664,4;0,0;703,0;0,94502505
792;Уголь каменный;2023;общий уровень;в целом;320,9;320,9;957,9;957,9;2705,1;1149,8;0,833088474
793;Кокс каменноугольный;2023;общий уровень;в целом;10,2;10,2;25,3;25,3;2454,1;25,9;0,976006583
794;Нефть и нефтепродукты;2023;общий уровень;в целом;211,4;211,4;359,0;359,0;1622,4;387,8;0,925697703
795;Руды металлические;2023;общий уровень;в целом;134,0;134,0;164,2;164,2;1121,6;166,2;0,988328386
796;Черные металлы;2023;общий уровень;в целом;65,3;65,3;180,1;180,1;2121,7;151,1;1,192144717
797;Лесные грузы;2023;общий уровень;в целом;35,6;35,6;71,7;71,7;1653,3;75,7;0,947933792
798;Минерально-строительные материалы;2023;общий уровень;в целом;199,9;199,9;236,9;236,9;1017,6;206,9;1,145183297
799;Химические и минеральные удобрения;2023;общий уровень;в целом;61,4;61,4;119,8;119,8;1769,1;99,3;1,206617419
800;Зерно и продукты перемола;2023;общий уровень;в целом;26,8;26,8;50,6;50,6;1754,3;47,7;1,05996523
801;Прочие;2023;общий уровень;в целом;138,1;138,1;362,7;362,7;2729,0;291,6;1,244010025
802;Грузы на своих осях;2023;общий уровень;в целом;0,0;0,0;615,5;615,5;0,0;703,0;0,875417454
803;Уголь каменный;2024;общий уровень;в целом;336,6;336,6;1037,2;1037,2;2807,3;1149,8;0,902057316
804;Кокс каменноугольный;2024;общий уровень;в целом;10,8;10,8;26,6;26,6;2440,2;25,9;1,027702959
805;Нефть и нефтепродукты;2024;общий уровень;в целом;216,2;216,2;369,6;369,6;1632,0;387,8;0,953028789
806;Руды металлические;2024;общий уровень;в целом;136,3;136,3;165,8;165,8;1120,2;166,2;0,997726968
807;Черные металлы;2024;общий уровень;в целом;66,3;66,3;187,0;187,0;2172,4;151,1;1,237593713
808;Лесные грузы;2024;общий уровень;в целом;35,6;35,6;72,4;72,4;1657,7;75,7;0,957047444
809;Минерально-строительные материалы;2024;общий уровень;в целом;201,5;201,5;238,5;238,5;1015,9;206,9;1,152952419
810;Химические и минеральные удобрения;2024;общий уровень;в целом;63,9;63,9;126,3;126,3;1775,7;99,3;1,271908423
811;Зерно и продукты перемола;2024;общий уровень;в целом;28,3;28,3;53,6;53,6;1760,8;47,7;1,123622007
812;Прочие;2024;общий уровень;в целом;141,1;141,1;374,4;374,4;2748,3;291,6;1,284097849
813;Грузы на своих осях;2024;общий уровень;в целом;0,0;0,0;642,5;642,5;0,0;703,0;0,913836172
814;Уголь каменный;2025;общий уровень;в целом;354,7;354,7;1120,3;1120,3;2889,8;1149,8;0,974309308
815;Кокс каменноугольный;2025;общий уровень;в целом;11,0;11,0;26,9;26,9;2425,6;25,9;1,04027414
816;Нефть и нефтепродукты;2025;общий уровень;в целом;222,1;222,1;380,9;380,9;1633,7;387,8;0,982026558
817;Руды металлические;2025;общий уровень;в целом;139,0;139,0;169,4;169,4;1122,6;166,2;1,019126185
818;Черные металлы;2025;общий уровень;в целом;67,9;67,9;193,8;193,8;2199,9;151,1;1,282573202
819;Лесные грузы;2025;общий уровень;в целом;36,3;36,3;74,3;74,3;1661,3;75,7;0,981637384
820;Минерально-строительные материалы;2025;общий уровень;в целом;207,8;207,8;243,0;243,0;1007,7;206,9;1,174865329
821;Химические и минеральные удобрения;2025;общий уровень;в целом;68,5;68,5;137,0;137,0;1760,7;99,3;1,379745166
822;Зерно и продукты перемола;2025;общий уровень;в целом;29,7;29,7;55,8;55,8;1751,0;47,7;1,169850713
823;Прочие;2025;общий уровень;в целом;144,0;144,0;382,5;382,5;2760,6;291,6;1,311888368
824;Грузы на своих осях;2025;общий уровень;в целом;0,0;0,0;671,4;671,4;0,0;703,0;0,954970692
825;Уголь каменный;2026;общий уровень;в целом;381,6;381,6;1230,9;1230,9;2970,9;1149,8;1,070458424
826;Кокс каменноугольный;2026;общий уровень;в целом;12,1;12,1;29,6;29,6;2415,9;25,9;1,142929464
827;Нефть и нефтепродукты;2026;общий уровень;в целом;231,2;231,2;397,6;397,6;1641,0;387,8;1,025317815
828;Руды металлические;2026;общий уровень;в целом;150,1;150,1;195,0;195,0;1206,7;166,2;1,173135149
829;Черные металлы;2026;общий уровень;в целом;77,2;77,2;193,8;193,8;1994,3;151,1;1,28311127
830;Лесные грузы;2026;общий уровень;в целом;37,1;37,1;83,0;83,0;1750,9;75,7;1,096781986
831;Минерально-строительные материалы;2026;общий уровень;в целом;218,3;218,3;254,6;254,6;1009,9;206,9;1,230712638
832;Химические и минеральные удобрения;2026;общий уровень;в целом;76,1;76,1;150,6;150,6;1724,6;99,3;1,51681348
833;Зерно и продукты перемола;2026;общий уровень;в целом;31,6;31,6;59,0;59,0;1746,4;47,7;1,237406735
834;Прочие;2026;общий уровень;в целом;150,7;150,7;438,0;438,0;2952,9;291,6;1,502270143
835;Грузы на своих осях;2026;общий уровень;в целом;0,0;0,0;713,1;713,1;0,0;703,0;1,014367629
836;Уголь каменный;2027;общий уровень;в целом;391,6;391,6;1275,7;1275,7;3005,8;1149,8;1,109427546
837;Кокс каменноугольный;2027;общий уровень;в целом;12,3;12,3;29,9;29,9;2419,5;25,9;1,15684631
838;Нефть и нефтепродукты;2027;общий уровень;в целом;234,0;234,0;404,1;404,1;1638,6;387,8;1,04198428
839;Руды металлические;2027;общий уровень;в целом;153,8;153,8;198,0;198,0;1200,9;166,2;1,191622922
840;Черные металлы;2027;общий уровень;в целом;79,0;79,0;197,4;197,4;1991,1;151,1;1,306620382
841;Лесные грузы;2027;общий уровень;в целом;37,9;37,9;85,9;85,9;1765,4;75,7;1,134572392
842;Минерально-строительные материалы;2027;общий уровень;в целом;224,6;224,6;261,9;261,9;1013,0;206,9;1,266034243
843;Химические и минеральные удобрения;2027;общий уровень;в целом;79,2;79,2;156,8;156,8;1702,9;99,3;1,579658402
844;Зерно и продукты перемола;2027;общий уровень;в целом;33,5;33,5;61,9;61,9;1726,6;47,7;1,297392714
845;Прочие;2027;общий уровень;в целом;153,4;153,4;446,1;446,1;2976,7;291,6;1,529879389
846;Грузы на своих осях;2027;общий уровень;в целом;0,0;0,0;732,0;732,0;0,0;703,0;1,041186209
847;Уголь каменный;2028;общий уровень;в целом;394,1;394,1;1295,1;1295,1;3033,0;1149,8;1,12635025
848;Кокс каменноугольный;2028;общий уровень;в целом;12,4;12,4;30,3;30,3;2423,0;25,9;1,170975174
849;Нефть и нефтепродукты;2028;общий уровень;в целом;236,8;236,8;409,3;409,3;1636,3;387,8;1,055374596
850;Руды металлические;2028;общий уровень;в целом;157,4;157,4;201,1;201,1;1195,2;166,2;1,209941036
851;Черные металлы;2028;общий уровень;в целом;80,8;80,8;201,1;201,1;1987,8;151,1;1,331081748
852;Лесные грузы;2028;общий уровень;в целом;38,7;38,7;88,5;88,5;1778,7;75,7;1,169001424
853;Минерально-строительные материалы;2028;общий уровень;в целом;230,7;230,7;269,0;269,0;1015,7;206,9;1,300360164
854;Химические и минеральные удобрения;2028;общий уровень;в целом;81,8;81,8;160,8;160,8;1697,0;99,3;1,619516783
855;Зерно и продукты перемола;2028;общий уровень;в целом;36,0;36,0;65,2;65,2;1701,9;47,7;1,366847125
856;Прочие;2028;общий уровень;в целом;156,3;156,3;457,2;457,2;3000,7;291,6;1,5680852
857;Грузы на своих осях;2028;общий уровень;в целом;0,0;0,0;741,3;741,3;0,0;703,0;1,054398458
858;Уголь каменный;2029;общий уровень;в целом;407,0;407,0;1354,6;1354,6;3078,5;1149,8;1,178027545
859;Кокс каменноугольный;2029;общий уровень;в целом;12,6;12,6;31,4;31,4;2465,8;25,9;1,213937554
860;Нефть и нефтепродукты;2029;общий уровень;в целом;239,7;239,7;414,9;414,9;1635,4;387,8;1,069771011
861;Руды металлические;2029;общий уровень;в целом;160,1;160,1;203,0;203,0;1190,4;166,2;1,221474162
862;Черные металлы;2029;общий уровень;в целом;83,7;83,7;211,8;211,8;2033,3;151,1;1,402375691
863;Лесные грузы;2029;общий уровень;в целом;39,6;39,6;91,2;91,2;1795,3;75,7;1,204562838
864;Минерально-строительные материалы;2029;общий уровень;в целом;236,9;236,9;276,1;276,1;1018,5;206,9;1,334539811
865;Химические и минеральные удобрения;2029;общий уровень;в целом;84,3;84,3;165,9;165,9;1704,6;99,3;1,671451787
866;Зерно и продукты перемола;2029;общий уровень;в целом;39,3;39,3;70,1;70,1;1680,3;47,7;1,4701557
867;Прочие;2029;общий уровень;в целом;159,9;159,9;471,0;471,0;3026,4;291,6;1,61534704
868;Грузы на своих осях;2029;общий уровень;в целом;0,0;0,0;761,1;761,1;0,0;703,0;1,082652824
869;Уголь каменный;2030;общий уровень;в целом;420,3;420,3;1416,6;1416,6;3124,4;1149,8;1,231979182
870;Кокс каменноугольный;2030;общий уровень;в целом;12,8;12,8;31,8;31,8;2468,7;25,9;1,228450121
871;Нефть и нефтепродукты;2030;общий уровень;в целом;242,2;242,2;419,8;419,8;1634,3;387,8;1,082427296
872;Руды металлические;2030;общий уровень;в целом;162,2;162,2;203,8;203,8;1184,1;166,2;1,226444951
873;Черные металлы;2030;общий уровень;в целом;86,4;86,4;221,7;221,7;2072,2;151,1;1,467846002
874;Лесные грузы;2030;общий уровень;в целом;40,3;40,3;93,4;93,4;1806,2;75,7;1,233819466
875;Минерально-строительные материалы;2030;общий уровень;в целом;242,9;242,9;283,1;283,1;1021,2;206,9;1,36849939
876;Химические и минеральные удобрения;2030;общий уровень;в целом;86,4;86,4;169,7;169,7;1703,9;99,3;1,709226927
877;Зерно и продукты перемола;2030;общий уровень;в целом;43,1;43,1;75,5;75,5;1657,2;47,7;1,582552165
878;Прочие;2030;общий уровень;в целом;163,9;163,9;488,5;488,5;3061,9;291,6;1,675203194
879;Грузы на своих осях;2030;общий уровень;в целом;0,0;0,0;780,2;780,2;0,0;703,0;1,109799881
880;Уголь каменный;2031;общий уровень;в целом;420,3;420,3;1426,1;1426,1;3144,6;1149,8;1,240222212
881;Кокс каменноугольный;2031;общий уровень;в целом;12,9;12,9;32,2;32,2;2471,6;25,9;1,243174706
882;Нефть и нефтепродукты;2031;общий уровень;в целом;244,6;244,6;424,5;424,5;1633,3;387,8;1,094468056
883;Руды металлические;2031;общий уровень;в целом;164,6;164,6;205,8;205,8;1182,2;166,2;1,238244138
884;Черные металлы;2031;общий уровень;в целом;88,1;88,1;227,8;227,8;2090,5;151,1;1,507746687
885;Лесные грузы;2031;общий уровень;в целом;40,8;40,8;94,3;94,3;1803,5;75,7;1,245453296
886;Минерально-строительные материалы;2031;общий уровень;в целом;248,8;248,8;289,8;289,8;1023,0;206,9;1,400978827
887;Химические и минеральные удобрения;2031;общий уровень;в целом;88,2;88,2;173,0;173,0;1704,7;99,3;1,742604593
888;Зерно и продукты перемола;2031;общий уровень;в целом;45,3;45,3;79,0;79,0;1653,7;47,7;1,656000176
889;Прочие;2031;общий уровень;в целом;168,0;168,0;507,3;507,3;3100,0;291,6;1,739647349
890;Грузы на своих осях;2031;общий уровень;в целом;0,0;0,0;788,8;788,8;0,0;703,0;1,121980959
891;Уголь каменный;2032;общий уровень;в целом;462,9;462,9;1623,5;1623,5;3271,5;1149,8;1,411932461
892;Кокс каменноугольный;2032;общий уровень;в целом;13,0;13,0;32,6;32,6;2474,5;25,9;1,258111309
893;Нефть и нефтепродукты;2032;общий уровень;в целом;247,9;247,9;431,6;431,6;1635,6;387,8;1,112762045
894;Руды металлические;2032;общий уровень;в целом;168,7;168,7;212,6;212,6;1195,6;166,2;1,279092674
895;Черные металлы;2032;общий уровень;в целом;89,7;89,7;234,3;234,3;2116,6;151,1;1,550943443
896;Лесные грузы;2032;общий уровень;в целом;41,2;41,2;95,3;95,3;1803,9;75,7;1,258698624
897;Минерально-строительные материалы;2032;общий уровень;в целом;254,6;254,6;296,4;296,4;1025,0;206,9;1,432765557
898;Химические и минеральные удобрения;2032;общий уровень;в целом;89,7;89,7;176,8;176,8;1716,4;99,3;1,780963292
899;Зерно и продукты перемола;2032;общий уровень;в целом;47,1;47,1;82,3;82,3;1658,8;47,7;1,725625817
900;Прочие;2032;общий уровень;в целом;173,9;173,9;537,2;537,2;3168,6;291,6;1,842352034
901;Грузы на своих осях;2032;общий уровень;в целом;0,0;0,0;824,5;824,5;0,0;703,0;1,17269722
902;Уголь каменный;2033;общий уровень;в целом;462,9;462,9;1624,3;1624,3;3272,5;1149,8;1,412641366
903;Кокс каменноугольный;2033;общий уровень;в целом;13,2;13,2;33,0;33,0;2477,4;25,9;1,273153922
904;Нефть и нефтепродукты;2033;общий уровень;в целом;250,3;250,3;436,7;436,7;1636,0;387,8;1,125973768
905;Руды металлические;2033;общий уровень;в целом;171,2;171,2;214,7;214,7;1194,3;166,2;1,292122575
906;Черные металлы;2033;общий уровень;в целом;90,5;90,5;236,4;236,4;2118,5;151,1;1,565172115
907;Лесные грузы;2033;общий уровень;в целом;41,6;41,6;96,1;96,1;1802,1;75,7;1,269884839
908;Минерально-строительные материалы;2033;общий уровень;в целом;260,3;260,3;302,9;302,9;1026,9;206,9;1,464151435
909;Химические и минеральные удобрения;2033;общий уровень;в целом;90,7;90,7;179,2;179,2;1720,2;99,3;1,804547484
910;Зерно и продукты перемола;2033;общий уровень;в целом;48,1;48,1;84,1;84,1;1660,0;47,7;1,763549596
911;Прочие;2033;общий уровень;в целом;177,9;177,9;558,4;558,4;3212,3;291,6;1,915148174
912;Грузы на своих осях;2033;общий уровень;в целом;0,0;0,0;829,0;829,0;0,0;703,0;1,179142126
913;Уголь каменный;2034;общий уровень;в целом;462,9;462,9;1625,1;1625,1;3273,5;1149,8;1,413350275
914;Кокс каменноугольный;2034;общий уровень;в целом;13,3;13,3;33,3;33,3;2480,2;25,9;1,288408552
915;Нефть и нефтепродукты;2034;общий уровень;в целом;252,6;252,6;441,7;441,7;1636,4;387,8;1,138904538
916;Руды металлические;2034;общий уровень;в целом;173,3;173,3;216,1;216,1;1190,4;166,2;1,300069061
917;Черные металлы;2034;общий уровень;в целом;91,2;91,2;238,6;238,6;2120,5;151,1;1,579307906
918;Лесные грузы;2034;общий уровень;в целом;42,0;42,0;96,9;96,9;1800,8;75,7;1,28081416
919;Минерально-строительные материалы;2034;общий уровень;в целом;265,8;265,8;309,3;309,3;1028,9;206,9;1,495070097
920;Химические и минеральные удобрения;2034;общий уровень;в целом;91,7;91,7;181,5;181,5;1724,0;99,3;1,82792113
921;Зерно и продукты перемола;2034;общий уровень;в целом;49,0;49,0;85,8;85,8;1662,1;47,7;1,798678364
922;Прочие;2034;общий уровень;в целом;182,0;182,0;582,2;582,2;3264,7;291,6;1,996695404
923;Грузы на своих осях;2034;общий уровень;в целом;0,0;0,0;833,4;833,4;0,0;703,0;1,185411383
924;Уголь каменный;2035;общий уровень;в целом;462,9;462,9;1626,0;1626,0;3274,5;1149,8;1,414059188
925;Кокс каменноугольный;2035;общий уровень;в целом;13,5;13,5;33,8;33,8;2483,0;25,9;1,3038752
926;Нефть и нефтепродукты;2035;общий уровень;в целом;254,9;254,9;446,6;446,6;1636,8;387,8;1,15154158
927;Руды металлические;2035;общий уровень;в целом;175,5;175,5;219,5;219,5;1198,6;166,2;1,320956114
928;Черные металлы;2035;общий уровень;в целом;91,9;91,9;240,7;240,7;2122,5;151,1;1,593332843
929;Лесные грузы;2035;общий уровень;в целом;42,3;42,3;97,7;97,7;1799,8;75,7;1,291392739
930;Минерально-строительные материалы;2035;общий уровень;в целом;271,2;271,2;315,6;315,6;1030,8;206,9;1,525449805
931;Химические и минеральные удобрения;2035;общий уровень;в целом;92,7;92,7;183,8;183,8;1727,6;99,3;1,851049835
932;Зерно и продукты перемола;2035;общий уровень;в целом;49,8;49,8;87,2;87,2;1663,5;47,7;1,827078611
933;Прочие;2035;общий уровень;в целом;186,2;186,2;604,4;604,4;3302,3;291,6;2,072837199
934;Грузы на своих осях;2035;общий уровень;в целом;0,0;0,0;838,1;838,1;0,0;703,0;1,192134342
